idx,headline,date,snippet,source,headline_sentiment,snippet_sentiment
0,Lithium sector powered up by electric cars,27/07/2016,"The lithium market has received a boost after FMC planned to double its output of battery raw material lithium next year, in a sign the largest producers are increasing supply to meet demand from electric carmakers.",ft,0.0|1.0|0.0|0.0,0.041|0.884|0.075|0.296
1,Trio of lithium IPOs will fuel debate on electric vehicles,30/08/2018,Lithium’s usage in electric car batteries has made it one of the hottest commodities of the past few years.,ft,0.0|1.0|0.0|0.0,0.0|1.0|0.0|0.0
2,"Lithium price poised for recovery, says Tianqi boss",14/05/2019,"China’s lithium market is stabilising after a period of plummeting prices, says Vivian Wu, president of Tianqi Lithium, China’s largest producer of the raw material used in car batteries.",ft,0.0|0.778|0.222|0.25,0.0|1.0|0.0|0.0
3,Chile’s buried treasure,09/07/2016,The vast salt flats of the Atacama desert hold huge reserves of lithium. So why is Chile falling behind as the market booms? By Henry Sanderson,ft,0.0|0.476|0.524|0.296,0.057|0.86|0.082|0.1779
4,Lithium bottlenecks threaten to fuel supercycle,09/06/2017,"A year ago, Tesla founder and chief executive Elon Musk quipped that lithium was only the “salt on the salad” for the batteries that are vital to the US company’s electric cars.",ft,0.342|0.658|0.0|-0.3818,0.0|0.932|0.068|0.296
5,FMC eyes next-generation batteries in lithium producer Livent’s New York IPO,29/08/2018,The New York listing of FMC Corp’s lithium business is poised to test appetite for the metal following the sell-off of this vital commodity in the manufacture of electric cars.,ft,0.0|1.0|0.0|0.0,0.0|0.862|0.138|0.5423
6,Tianqi Lithium buys into Chile’s SQM,18/05/2018,"Tianqi Lithium has paid $4.07bn for a 24 per cent stake in Chilean rival Sociedad Química y Minera, further boosting China’s influence over the global supply chain for electric car batteries.",ft,0.0|1.0|0.0|0.0,0.0|0.921|0.079|0.34
7,BlackRock bets big on lithium’s electric-car future,16/09/2017,"BlackRock has emerged as a big backer of lithium start-ups, as the world’s largest asset manager bets on the widespread adoption of electric vehicles.",ft,0.0|1.0|0.0|0.0,0.0|0.898|0.102|0.3612
8,Clean energy set to drive need for reactive metal,16/12/2015,"Lithium is mostly used in glass, ceramics and lubricants — about 30 per cent of lithium supplies are currently used in batteries. Lithium salts are also used to treat depression and mood disorders.",ft,0.0|0.593|0.407|0.5859,0.102|0.824|0.074|-0.25
9,Buffett bets on lithium with extraction deal,21/01/2019,"Warren Buffett’s Berkshire Hathaway has made a move into lithium, signing an agreement to allow extraction of the battery mineral from its geothermal wells in California.",ft,0.0|1.0|0.0|0.0,0.0|0.756|0.244|0.7269
10,Charged atmosphere Ganfeng Lithium IPO tests investor appetite as oversupply dilutes electric car battery demand,01/10/2018,The initial public offering in Hong Kong this week of one of China’s biggest lithium producers will provide a test both of investor appetite for a metal that has been hailed as vital to the future of electric cars and a stock market hurt by global trade tensions.,ft,0.202|0.798|0.0|-0.3182,0.119|0.801|0.08|-0.4588
11,Lithium faces $5bn test as supplier stake sale electrifies buyer interest,17/02/2018,"When Canadian fertiliser company PotashCorp acquired shares in Chile’s SQM almost 20 years ago, the latter’s lithium business appeared an afterthought.",ft,0.0|0.769|0.231|0.4588,0.0|0.901|0.099|0.296
12,Ganfeng Lithium expands into batteries as electric car stakes rise,07/07/2017,"Ganfeng Lithium, one of China’s fastest growing companies, is expanding into battery production as it seeks to prepare for the expected rapid growth in the country’s electric car market.",ft,0.0|0.865|0.135|0.1027,0.0|0.863|0.137|0.5106
13,Stalled market Lithium knocked by oversupply and cut in electric-vehicle subsidy,27/08/2019,"The rise of the electric car was once a boon for the lithium industry, which produces the critical raw material for all batteries used in the vehicles.",ft,0.302|0.698|0.0|-0.4404,0.084|0.916|0.0|-0.3182
14,Rio Tinto hails ‘eureka moment’ after large lithium discovery in California,23/10/2019,"Rio Tinto said it had found a potentially large source of lithium for electric car batteries while looking for gold in piles of waste rock in California, describing it as a “eureka moment” for the group.",ft,0.0|1.0|0.0|0.0,0.078|0.922|0.0|-0.4215
15,Rosatom lines up deal for Chile lithium stake,16/10/2019,Russia’s state-run nuclear group Rosatom has signed a preliminary agreement to buy up to 51 per cent of a Chilean lithium project in return for supplies of the mineral.,ft,0.0|1.0|0.0|0.0,0.0|0.89|0.11|0.4939
16,Betting on batteries,30/11/2018,"Better known for exporting highly polluting coal and iron ore, Australia is now at the forefront of a green energy revolution. But with lithium prices falling, does it risk missing out on the electric vehicle boom?",ft,0.0|1.0|0.0|0.0,0.18|0.734|0.086|-0.5927
17,Peru upbeat over lithium discovery but miners face challenge of excess supply,10/11/2018,"It has long been known that Latin America’s “lithium triangle” of northern Chile, northern Argentina and southern Bolivia contains some of the biggest deposits of the key electric vehicle battery ingredient on the planet, in the salt flats of the Andes and the Atacama Desert.",ft,0.0|0.884|0.116|0.1154,0.0|1.0|0.0|0.0
18,Shares of lithium producers Albemarle and SQM rattled by gloomy forecast,27/02/2018,A warning from investment bank Morgan Stanley that new supply of lithium will swamp demand for a metal that has been prized for its role in electric car batteries sent shares in its two largest producers tumbling yesterday.,ft,0.125|0.703|0.172|0.1531,0.094|0.771|0.135|0.4019
19,LME looks at contract rollout for lithium,30/08/2017,"The London Metal Exchange is considering introducing a contract for lithium, which is in heavy demand because of its use in electric cars, as the 140-year-old group tries to reverse a fall in volumes.",ft,0.0|1.0|0.0|0.0,0.046|0.954|0.0|-0.128
20,Tesla in stand-off over lithium supply for factory,16/12/2015,"The mile-long, so-called Gigafactory is expected to boost demand for lithium, the raw material used in the batteries that power most electric cars.",ft,0.0|1.0|0.0|0.0,0.06|0.833|0.107|0.296
21,Powering the battery supply chain,23/05/2019,"In the space of a few years China has become the biggest producer of lithium, a key raw material for batteries in electric cars. The US and Europe fear they could be pushed out of a fast-growing industry.By Henry Sanderson",ft,0.0|1.0|0.0|0.0,0.082|0.918|0.0|-0.4939
22,CHILE’S BURIED TREASURE,09/07/2016,"Yet these conditions also make it one of the best places in the world to extract lithium, a soft, volatile metal that is found in the Earth’s crust.",ft,0.0|0.476|0.524|0.296,0.0|0.861|0.139|0.6369
23,Mitsui boosts Brazil’s lithium ambitions with deal to back Sigma mining project,06/04/2019,Brazil is set to emerge as a significant supplier of high-quality lithium — a raw material used in electric-car batteries — after one of the world’s biggest commodity traders agreed to back a new project in the country.,ft,0.0|0.827|0.173|0.3182,0.0|0.888|0.112|0.4404
24,Tesla locked in talks with Chile’s SQM over lithium investment,30/01/2018,"Tesla is in talks with Chile’s largest lithium producer SQM about investing in supplies of the battery material, as it ramps up production of its first mass-market electric car.",ft,0.0|1.0|0.0|0.0,0.0|1.0|0.0|0.0
25,Tracking Tesla Lithium groups follow electric-car maker’s stops and starts,10/04/2018,Lithium miners and the electric-battery makers that use the metal were already having a tricky year because of concern over excess supply.,ft,0.151|0.849|0.0|-0.1531,0.074|0.926|0.0|-0.1531
26,Groups vie for Chile lithium project tender,17/04/2017,"Chile is set to capitalise on the global demand for electric vehicles with companies from South Korea, China, Japan and Europe bidding on manufacturing projects tied to the country’s vast reserves of lithium, a key component in batteries powering cars as well as cell phones and smart watches.",ft,0.0|1.0|0.0|0.0,0.03|0.875|0.095|0.5106
27,Sinochem chases $4bn lithium stake,23/10/2017,"Sinochem, China’s state chemical group, is among bidders for a $4bn stake in Chile’s SQM, one of the world’s largest producers of lithium, a key component in electric car batteries.",ft,0.0|1.0|0.0|0.0,0.0|1.0|0.0|0.0
28,Bolivia ships its first lithium to China,18/08/2016,Bolivia has made progress in its aim to become the biggest exporter of lithium with its first shipment to China.,ft,0.0|1.0|0.0|0.0,0.0|0.872|0.128|0.4215
29,Czech lithium mine to help fuel Europe’s car battery demand,20/10/2017,"This month, the Czech government signed a memorandum of understanding with European Metals, the Australian mining group, to develop the large lithium resource that lies scattered under the fields around Cinovec.",ft,0.123|0.656|0.221|0.296,0.088|0.912|0.0|-0.4215
30,Supply challenge energises lithium trade,06/01/2017,"As the first battery cells roll off the production line at Tesla’s 1.9m square feet “gigafactory” in Nevada, a scramble is under way to secure supply of lithium , an essential ingredient.",ft,0.0|0.4|0.6|0.5423,0.0|0.924|0.076|0.34
31,Batteries power Tianqi’s quest for lithium producer,29/09/2016,"China’s Tianqi Lithium is attempting to take control of the world’s biggest producer of the metal, as its use in batteries to power smartphones and electric cars fuels rapid growth in global demand.",ft,0.0|1.0|0.0|0.0,0.043|0.883|0.074|0.2732
32,China’s BYD in talks over Chile lithium supply,07/04/2017,"BYD, the Chinese electric car and bus company part-owned by Warren Buffett, is talking to lithium producers in Chile about securing supplies.",ft,0.0|1.0|0.0|0.0,0.0|0.901|0.099|0.3182
33,Electric car trade likely to lose power,12/12/2017,Subsidy doubts and battery advances weigh on lithium and cobalt miners after surge,ft,0.31|0.69|0.0|-0.4019,0.155|0.845|0.0|-0.296
34,SPEED READ,30/11/2018,"Opening up Six lithium mines have opened in Western Australia since 2016, with A$3bn invested in refineries",ft,0.0|1.0|0.0|0.0,0.0|1.0|0.0|0.0
35,Carmakers race to secure battery raw materials,26/02/2018,Electric vehicle manufacturers need reliable supplies of lithium and cobalt but prices are up amid an uncertain future,ft,0.0|0.714|0.286|0.34,0.141|0.859|0.0|-0.4215
36,Tail Risk,11/09/2019,"Battery metal bulls suddenly have more to cheer about. Volkswagen has launched the ID.3, a mass-market hatchback that symbolises the potential demand for the lithium that powers its battery, and China’s Contemporary Amperex Technology (CATL) has bought an 8.5 per cent stake in Australian lithium miner Pilbara Minerals.",ft,0.677|0.323|0.0|-0.2732,0.03|0.87|0.1|0.5542
37,Lithium’s $5bn test Supplier stake sale electrifies buyer interest,17/02/2018,Elon Musk’s Tesla Motors has signed a three-year lithium supply deal with Australian miner Kidman Resources.,ft,0.0|0.727|0.273|0.4588,0.0|1.0|0.0|0.0
38,Australia joins the rush to exploit lithium,30/11/2018,"China’s biggest producer of lithium, the battery raw material, has chosen Morgan Stanley and CLSA for a listing in Hong Kong to fund its $4.07bn purchase of a stake in Chile’s SQM, according to a prospectus.",ft,0.189|0.811|0.0|-0.1027,0.0|1.0|0.0|0.0
39,Tesla signs deal with Australia’s Kidman Resources,18/05/2018,Lithium overload Chinese companies disrupted a market controlled by Chile’s SQM and Albemarle and FMC of the US,ft,0.0|1.0|0.0|0.0,0.135|0.865|0.0|-0.3612
40,Tianqi readies HK listing ahead of SQM deal,21/08/2018,"For more than a century, Western Australia has yielded a lucrative bounty for gold and iron ore miners. Now, a battery revolution driven by the transition to electric vehicles and energy storage systems is creating a rush to exploit its reserves of lithium, cobalt and nickel.",ft,0.0|1.0|0.0|0.0,0.031|0.872|0.096|0.4404
41,Speed read,23/05/2019,"Elsewhere, such as in the UK, diesel-car demand has slowed. In turn, this shift has refocused attention on low or zero-emission electric vehicles. Those electric vehicles require batteries, and prices of their key inputs — lithium, cobalt, lead and nickel — have soared.",ft,0.0|1.0|0.0|0.0,0.085|0.915|0.0|-0.3818
42,BHP energised to exploit new battery revolution,10/08/2017,Good supply Access to a good supply of raw materials from cobalt to lithium is crucial for Chinese battery makers,ft,0.147|0.526|0.326|0.4019,0.0|0.746|0.254|0.7003
43,Short View,18/01/2018,"President Donald Trump has called for an end to US reliance on foreign sources of “critical minerals” such as the battery metals lithium and cobalt, in a sweeping move that could be a boon to domestic mining companies.",ft,0.0|1.0|0.0|0.0,0.0|1.0|0.0|0.0
44,Speed read,06/03/2017,"The second is Aim-quoted Bacanora Minerals, which has heady plans to supply enough lithium to meet a tenth of global demand.",ft,0.0|1.0|0.0|0.0,0.073|0.927|0.0|-0.128
45,US to boost domestic critical mineral supply,22/12/2017,"Lithium, cobalt and nickel prices soar",ft,0.23|0.5|0.27|0.1027,0.0|1.0|0.0|0.0
46,Intoxicating Bacanora aims to give mineral investors a happy buzz,05/09/2016,"How China became the world’s supplier of lithium — BIG READ, PAGE 7",ft,0.0|0.684|0.316|0.5719,0.0|1.0|0.0|0.0
47,Battery power spurs race for raw materials,24/10/2017,Company Turnover Pre-tax EPS(p) Div(p) Pay day TotalBacanora Lithium Pre 0.000 0.000 11.054L 12.846L 0.080L 0.090L0.00000 0.00000 - 0.000 0.000Bioventix Pre 9.290 8.752 6.965 6.867 114.040 110.2100.00000 36.00000 - 30.000 61.000,ft,0.0|1.0|0.0|0.0,0.048|0.952|0.0|-0.1027
48,Batteries included,23/05/2019,Company Turnover Pre-tax EPS(p) Div(p) Pay day TotalBacanora Lithium Int 0.000 0.000 4.291L 3.310L 0.030L 0.030L0.00000 0.00000 - 0.000 0.000Celtic Int 50.015 71.505 18.799 19.510 16.220 18.5700.00000 0.00000 - 0.000 0.000,ft,0.0|1.0|0.0|0.0,0.048|0.952|0.0|-0.1027
49,UK COMPANY RESULTS,22/10/2019,"Electric car batteries rely on a host of materials — from lithium to nickel, cobalt and graphite — while some cars also use motors that require rare earths.",ft,0.0|1.0|0.0|0.0,0.0|1.0|0.0|0.0
50,UK COMPANY RESULTS,14/02/2019,"But there has been little research on the environmental impact from the mining of lithium, nickel and cobalt, which are blended with manganese to form the battery cathode in most electric vehicles.",ft,0.0|1.0|0.0|0.0,0.0|1.0|0.0|0.0
51,Electric race spurs battery makers to dig deeper,24/10/2017,Mahindra e20 (European model) Length: 3.3m Range: 79 miles Top speed: 63mph 0-50mph: 18 seconds Power source: lithium ion battery,ft,0.0|1.0|0.0|0.0,0.0|0.913|0.087|0.2023
52,Question marks over environmental impact,11/07/2017,"The US and allied countries have launched an international effort to encourage responsible development of materials for new energy technologies, such as lithium, copper and cobalt, as they try to ensure supplies of key resources.",ft,0.0|1.0|0.0|0.0,0.0|0.718|0.282|0.8689
53,Mahindra e20 v G-Wiz,18/07/2016,"at multiyear lows, the raw materials used in smartphones, electric cars and 3D printers — among them lithium, graphite and cobalt for use in batteries",ft,0.0|1.0|0.0|0.0,0.073|0.927|0.0|-0.2023
54,US and allies tackle metals shortage concerns,12/06/2019,Metals in demand Bigger EVs require larger amounts of lithium and cobalt for their batteries,ft,0.25|0.75|0.0|-0.25,0.097|0.903|0.0|-0.128
55,Material revolution,09/12/2015,"As she stepped up to the microphone at Cadogan Hall to introduce a cover of Nirvana’s “Lithium”, her sister Allison Moorer warned that she had no idea what Lynne was going to say.",ft,0.0|1.0|0.0|0.0,0.125|0.875|0.0|-0.5106
56,Speed read,09/11/2017,"If the past month has been a horror story for Samsung Electronics, the past 48 hours have been no less nightmarish for TDK — the Japanese company that produces lithium ion batteries for smartphone manufacturers around the world and whose biggest customer is Apple.",ft,0.0|1.0|0.0|0.0,0.129|0.871|0.0|-0.7096
57,Reviews,03/02/2018,Chile’s buried treasure12 Lithium could be the whitepetroleum of the future – and,ft,0.0|1.0|0.0|0.0,0.0|1.0|0.0|0.0
58,Battery maker TDK left drained by device recall,12/10/2016,"Solid-state batteries offer a step change beyond the current liquid lithium ion technology, with the ability to hold more power and charge faster.",ft,0.263|0.737|0.0|-0.3612,0.0|0.901|0.099|0.3182
59,INDEX,09/07/2016,Wesfarmers/lithium: stored value,ft,0.0|1.0|0.0|0.0,0.0|0.455|0.545|0.34
60,Franco-Japan alliance steps up battery pace,13/03/2018,"This has led them to buy stakes in copper, cobalt and lithium assets in countries as far afield as the Democratic Republic of Congo, Serbia and Chile.",ft,0.0|1.0|0.0|0.0,0.0|0.939|0.061|0.1779
61,Lex.,03/05/2019,"The production of lithium, a key ingredient for batteries in electric cars as well as smartphones, is controlled by just five companies.",ft,0.0|1.0|0.0|0.0,0.0|0.905|0.095|0.2732
62,Chinese groups go where western rivals fear to tread,25/01/2019,"As the mining sector presents a green face and extracts raw materials, from lithium to cobalt and nickel, that constitute electric batteries, so the focus on their environmental standards and energy efficient production methods will intensify.",ft,0.286|0.714|0.0|-0.4939,0.0|0.871|0.129|0.5994
63,Metals are the new black gold as race to control battery resources turns geopolitical,23/05/2018,"resources such as lithium, used in batteries that power everything from phones to cars, make it an attractive target for China’s efforts to extend its reach.",ft,0.0|1.0|0.0|0.0,0.0|0.801|0.199|0.5719
64,Electric car growth sparks green concerns,07/07/2017,"Shenzhen-based lithium battery maker BAK Power has filed a civil suit for breach of contract over outstanding payments, seeking to freeze more than Rmb40m ($5.6m) in assets of Zhejiang province-based Zotye Automobile and three subsidiaries, according to a filing on the Shenzhen Longgang District People’s Court website.",ft,0.0|0.658|0.342|0.3818,0.0|0.859|0.141|0.7096
65,China’s ambitious investment push into Chile reflects shift in region’s political winds,26/02/2019,"Matthey last year announced plans to invest £200m in commercialising a cathode material known as enhanced lithium nickel oxide, or eLNO, which it says has a much higher energy density",ft,0.0|0.78|0.22|0.4767,0.0|0.928|0.072|0.2732
66,Ford’s Chinese electric car partner faces lawsuit over unpaid supplier bills,16/10/2019,"Backed by Albemarle, one of the world’s largest lithium producers, and US utility Exelon, the fund’s ambition is to invest in those companies whose battery technologies will triumph in the global battle to dominate electric cars and energy storage.",ft,0.16|0.84|0.0|-0.2263,0.092|0.766|0.142|0.296
67,Johnson Matthey buoyed by electric cars projection,17/01/2018,"Ingredients in the batteries used in electric vehicles, cobalt and lithium, have had stellar years.",ft,0.0|1.0|0.0|0.0,0.0|1.0|0.0|0.0
68,Volta joins battle for battery breakthrough,11/01/2018,"As well as Beijing’s high-profile backing of its domestic battery industry, much of Japan’s urgency, say lithium experts, is driven by the assumption that the fundamental dynamics of the lithium market are poised to change: batteries are about to overtake all other industrial users of the metal as the...",ft,0.342|0.658|0.0|-0.3818,0.0|0.86|0.14|0.6486
69,What to watch in metals during the coming year,22/12/2017,"Your report on Chile’s reserves of lithium (“Chile’s Buried treasure”, July 9/10) was great, but I would quibble with those who call lithium “white petroleum”. Lithium is",ft,0.0|1.0|0.0|0.0,0.0|0.907|0.093|0.3716
70,Japan prepares for a fight it cannot afford to lose,06/03/2017,"The Pallinghurst-Traxys Battery Materials joint venture will look to take controlling stakes in lithium, graphite and cobalt projects in developed countries and invest in associated facilities that process and improve ore.",ft,0.219|0.59|0.19|-0.088,0.0|0.912|0.088|0.4404
71,REPLY,16/07/2016,"The switch will be powered by vehicle batteries, promoted from mere backups to primary power sources. The strain on resources may be huge. Cumulative consumption of lithium, a vital battery material, would total 50m tonnes by 2050 according to a maximal projection",ft,0.0|1.0|0.0|0.0,0.027|0.809|0.164|0.7269
72,Ex-BHP boss to pump $2bn into battery materials mine projects,13/11/2019,"Until they are widely recycled they will rely on cobalt from the Democratic Republic of Congo, lithium from South America and Australia, and copper from Mongolia.",ft,0.0|1.0|0.0|0.0,0.0|1.0|0.0|0.0
73,Electric vehicles: assault with battery,27/07/2017,", 14 12 Lithium Lear.........",ft,0.487|0.513|0.0|-0.5859,0.0|1.0|0.0|0.0
74,Miners plug into electric car story to win green investors,30/06/2017,"Golden Globe Awards, by China’s Dalian Wanda was officially canned this month. Similarly the sale to a Chinese buyer of a lithium project in Mali was scrapped in January when capital proved hard to export.",ft,0.0|0.703|0.297|0.5859,0.04|0.876|0.085|0.3818
75,Companies / Sectors / People,09/06/2017,"years, there may only be 10 lithium battery producers left, with the top three taking 60 per cent of the market.”",ft,0.0|1.0|0.0|0.0,0.0|0.917|0.083|0.2023
76,Look elsewhere,16/03/2017,"US and European officials fear that control of the battery market, as well as the associated lithium hydroxide and precursor sectors, could give rivals such as China an edge when it comes to making the next generation of electronic vehicles.",ft,0.0|1.0|0.0|0.0,0.074|0.878|0.048|-0.2732
77,Battery power,06/03/2017,"Among the companies already making plans to be a part of the global shift to electric cars is Bacanora Minerals, a London-listed junior miner with rights to lithium mining sites in Mexico and the German-Czech border.",ft,0.0|1.0|0.0|0.0,0.0|1.0|0.0|0.0
78,The global fight to power a cleaner world,30/11/2018,"“It is more strategic than cobalt, more strategic than lithium. You can’t replace copper on conductivity. It is a modern metal,” he said.",ft,0.28|0.538|0.183|-0.2263,0.0|1.0|0.0|0.0
79,Volvo sets date for switching off petrol engines,06/07/2017,"Mr Prince, a campaign adviser to President Donald Trump and brother of US education secretary Betsy DeVos, aims to raise up to $500m to invest in the supply of metals such as cobalt, copper and lithium that are needed for batteries.",ft,0.0|1.0|0.0|0.0,0.0|1.0|0.0|0.0
80,Barrick chief eyes moves for ‘strategic’ copper,11/11/2019,"Attention has already been drawn to how lithium ion batteries require cobalt, the biggest reserves of which are in the Democratic Republic of Congo.",ft,0.0|1.0|0.0|0.0,0.0|1.0|0.0|0.0
81,Founder of Blackwater to launch battery metals fund,02/01/2019,"10 Drag out scandal involving 5 Cross, discontented underdogTesla CEO? (8) on lithium (4) 45 4612 acrobatics Unqualified ( , 8 I ) got hurt doing 6 supporter Musician is (8 prohibition ) 47",ft,0.0|1.0|0.0|0.0,0.3|0.545|0.155|-0.6486
82,European carmakers risk being left all at sea as they turn towards battery power,08/12/2018,"The buyout has helped CLSA win work on several big initial public offerings from China, such as Xiaomi’s listing in June, and upcoming deals for Sinochem Energy and Tianqi Lithium. It has, however, pulled out of the US.",ft,0.139|0.861|0.0|-0.2732,0.0|0.859|0.141|0.7096
83,CROSSWORD,08/09/2018,The Japanese battery supplier said it did not know how much Cuban cobalt was ultimately used in the lithium ion batteries it supplied to the US market for Tesla “due to commingling of sources by its suppliers in several phases of manufacturing processes”.,ft,0.0|1.0|0.0|0.0,0.0|1.0|0.0|0.0
84,CLSA follows parent Citic into Asian developing markets,13/08/2018,Lithium stocks: salt panned,ft,0.0|1.0|0.0|0.0,0.0|1.0|0.0|0.0
85,Panasonic halts ties with Cuban cobalt supplier over sanctions fear,21/07/2018,The expected electric vehicle boom will only exacerbate these challenges as tech and battery metals like cobalt and lithium experience increased demand.,ft,0.262|0.738|0.0|-0.4939,0.059|0.709|0.232|0.5267
86,Lex.,25/01/2018,"These companies have also locked up supplies of key raw materials such as lithium, signing agreements with mines across the world.",ft,0.0|1.0|0.0|0.0,0.0|0.905|0.095|0.2732
87,Letters,28/11/2017,"The positive electrode, or cathode, is coated in a carefully processed metal oxide slurry that in most cars includes lithium, cobalt, nickel, and manganese. When the battery is discharged lithium ions flow to the cathode generating a flow of electrons and electricity.",ft,0.0|1.0|0.0|0.0,0.0|0.882|0.118|0.6249
88,Europe’s fledgling battery industry should heed the lessons from solar,10/10/2018,56 57 20 Murder victim had tree cut (4) 17 Steward takes lithium to relax21Washes well into the night to (7),ft,0.0|1.0|0.0|0.0,0.318|0.607|0.075|-0.7783
89,The race to replace cobalt,21/08/2018,"industries, which require metals such as aluminium, copper, lithium and cobalt.",ft,0.0|1.0|0.0|0.0,0.0|1.0|0.0|0.0
90,"CROSSWORD No. 15,857 Set by ARMONIE 4 5 ...",14/05/2018,"For Helen, lithium is the necessary angel of the title, something to be as much endured as revered, and this theme recurs throughout New Zealand writer CK Stead’s masterfully structured story.",ft,0.268|0.732|0.0|-0.296,0.0|0.901|0.099|0.5106
91,Apple joins push on emission-free aluminium,11/05/2018,"Not surprisingly, carmakers such as Volkswagen are having difficulties locking down metals such as cobalt and lithium.",ft,0.0|1.0|0.0|0.0,0.214|0.786|0.0|-0.4745
92,Life versus literature,10/03/2018,"Electric vehicle batteries need much larger quantities of raw materials than those in smartphones. That is challenging small markets for lithium and cobalt, which have seen big price rises.",ft,0.0|1.0|0.0|0.0,0.0|0.946|0.054|0.1531
93,Cobalt miners poised to play strong hand in price setting,08/12/2017,It produces chemicals and will get the lithium it needs via a joint venture.,ft,0.0|0.355|0.645|0.872,0.0|1.0|0.0|0.0
94,Cobalt traders dismiss VW’s low-price bid to grab supply,16/10/2017,"Metals demand could double because of growth in wind turbines and solar panels and there could be a more than 1,000 per cent rise in lithium demand for batteries, the bank says.",ft,0.0|1.0|0.0|0.0,0.089|0.833|0.077|0.1531
95,BYD: Buffett’s battery bargain,30/08/2017,"According to Christophe Pillot of Avicenne Energy in Paris, global demand for lithium ion batteries for vehicles will grow from $15bn last year to $28bn in 2020 and $38bn in 2025.",ft,0.0|0.625|0.375|0.2023,0.046|0.89|0.064|0.1531
96,World Bank flags up renewables resource risks,18/07/2017,"With Europe’s largest known deposit of lithium, the key chemical for batteries, the region has the chance to be a “hotbed for future technologies”, he says.",ft,0.259|0.741|0.0|-0.2732,0.0|0.923|0.077|0.25
97,Why European carmakers are not yet betting their own money on batteries,15/07/2017,The storage capacity of big lithium ion battery systems more than doubled last year.,ft,0.0|1.0|0.0|0.0,0.0|1.0|0.0|0.0
98,German tortoise joins electric-car race,23/05/2017,"Pieter Busscher, who manages the Smart Materials Strategy fund at asset manager RobecoSAM in Zurich, says that miners of lithium — the raw",ft,0.0|1.0|0.0|0.0,0.0|0.794|0.206|0.6369
99,The Big Green Bang,19/05/2017,"The changing dynamic could yet make silver one of the few commodities that benefits from the rollout of renewable energy, along with copper for wiring and lithium for use in grid batteries.",ft,0.0|1.0|0.0|0.0,0.0|0.799|0.201|0.743
100,Investors grapple with the great resource shift,18/08/2016,"Lithium, the world’s lightest metal, remains a popular ingredient, with lithium-oxygen and lithium-sulphur batteries showing good results in lab tests. Magnesium-ion is another option.",ft,0.0|0.594|0.406|0.6249,0.0|0.787|0.213|0.6908
101,Silver investors look for solar energy spark,14/05/2016,"While the rightwing UDI party has been deeply damaged by a campaign finance scandal, after politicians invoiced lithium producer SQM and financial group Penta for services that were never provided, Ms Bachelet’s credibility has also been severely dented by accusations that her son and daughter-in-law abused their political influence...",ft,0.0|0.556|0.444|0.4588,0.247|0.707|0.045|-0.8999
102,Search for the supercharger Batteries and energy storage,27/06/2015,The initiative stretches from mining and refining the raw materials such as lithium to manufacturing and recycling batteries.,ft,0.0|0.769|0.231|0.2732,0.0|1.0|0.0|0.0
103,Political scandals put brake on reform agenda,28/04/2015,"Chief in its arsenal was a new battery, made with solid state lithium ion, that would give its car greater performance, longer range and faster charging than even the most advanced electric cars on the market, which use liquid-based batteries.",ft,0.348|0.652|0.0|-0.4939,0.0|0.849|0.151|0.659
104,Powering up the industrial base,03/12/2019,Prof Whittingham started off the development of lithium batteries in the early 1970s as a scientist at Exxon in the US but the project was discontinued when the oil company cut back its research activities in the early 1980s.,ft,0.0|1.0|0.0|0.0,0.067|0.933|0.0|-0.3919
105,Clever car hopes expire for Dyson,12/10/2019,"A strong European electric car market would also be a relief for investors, following falls in share prices for almost all companies involved in the battery supply chain this year — from battery materials producer Umicore, to cobalt miners such as Glencore, and lithium producers such as Albemarle.",ft,0.0|0.408|0.592|0.7003,0.0|0.83|0.17|0.8225
106,Goodenough at 97 to win Nobel Prize for work on mobile battery technology,10/10/2019,"The company calculates that powering 1tn wireless sensor nodes, each using a small lithium coin cell, would require approximately 109,000 tonnes of lithium — nearly three times worldwide annual production. “Energy harvesting is simply a necessity if a large population of IoT devices is to be powered,” he says.",ft,0.0|0.608|0.392|0.7964,0.0|1.0|0.0|0.0
107,Europe’s big batteries push promises relief at last for investors,25/09/2019,His company Berkshire Hathaway is discussing an agreement to extract $1.5bn of lithium each year from geothermal wells in California for use in vehicle batteries. Lithium is less scarce than palladium but the US still listed it last year as one of 35 minerals “vital to the nation’s security”.,ft,0.0|0.584|0.416|0.6908,0.0|0.929|0.071|0.3818
108,Internet of things sparks race to replace the battery,08/07/2019,The price of lithium has more than halved in China this year while cobalt prices are down about 10 per cent. That has hit share prices of the largest producers with Chile’s lithium giant SQM down 31 per cent this year and cobalt producer China Molybdenum off by 40...,ft,0.0|1.0|0.0|0.0,0.0|0.956|0.044|0.296
109,Palladium’s paradise risks losing its lustre,24/01/2019,"The growth in electric car numbers will also accelerate the race to buy batteries, with Daimler and VW already pledging to spend €70bn. As others step up investments, the price of raw materials such as lithium and cobalt looks set to rise.",ft,0.395|0.252|0.353|0.128,0.0|0.94|0.06|0.3818
110,Niche bets on Burgundy wine and cannabis pay off,29/12/2018,"The company has lowered battery prices to gain market share following the subsidy reduction, reducing profitability, founder Zeng Yuqun said last month. Rising costs of battery materials such as lithium lowered CATL’s margins",ft,0.149|0.851|0.0|-0.1027,0.078|0.724|0.199|0.6908
111,Downturns pose threat to carmakers’ tech drive,29/12/2018,"This week, China’s Tibet Summit Resources agreed to acquire a Canadian lithium producer. It is a relatively small deal but one that reflects the direction of the country’s ambition. Lithium is an important",ft,0.362|0.638|0.0|-0.5267,0.0|0.885|0.115|0.4118
112,Bullishness on electric cars outlook pushes China battery maker’s valuation to $12.3bn,12/06/2018,The move highlights the challenge manufacturers face in securing raw materials such as lithium and cobalt that are crucial in the production of EV batteries.,ft,0.0|1.0|0.0|0.0,0.0|0.865|0.135|0.3818
113,Lex.,20/12/2017,"If China becomes the Saudi Arabia of batteries, will this give it greater influence? What about those who control the raw materials needed, from lithium to cobalt? O’Sullivan hints at this in her introduction, saying we should expect renewables “eventually to have major repercussions for global politics”.",ft,0.0|1.0|0.0|0.0,0.0|0.941|0.059|0.4329
114,Toyota and Panasonic launch car battery study,14/12/2017,"But, the lack of regulation differentiating between electric vehicles effectively encourages carmakers to sell cars with bigger batteries and longer ranges — features that sound great but are at odds with electric vehicles’ green image, given the amount of lithium and cobalt used in the batteries.",ft,0.0|1.0|0.0|0.0,0.051|0.716|0.233|0.9081
115,The revolution energising geopolitics,04/12/2017,"Battery-powered electric vehicles (EVs) threaten to upend these relationships, while at the same time creating new ones for metals such as cobalt, lithium, nickel and even copper. We recently upgraded our forecasts for EV market share to 2022 on the back of booming sales and government targets.",ft,0.0|0.508|0.492|0.4404,0.051|0.863|0.086|0.2023
116,Green driving’s dirty secret,09/11/2017,"In July, Toyota shares surged on media reports that it was closing in on a solid-state lithium battery that would deliver even greater standards of density and safety.",ft,0.492|0.508|0.0|-0.4404,0.0|0.762|0.238|0.7579
117,Time for commodity investors to switch focus and stop fretting,31/10/2017,"This wide range of uses sets copper apart from other raw materials such as lithium, which have more concentrated usages in battery-powered cars.",ft,0.196|0.804|0.0|-0.296,0.0|1.0|0.0|0.0
118,Japan Inc prepares to defend its lead in battery power,24/10/2017,"For anyone in doubt about the potential scale of this market, then they should take a look at Tesla’s vast “Gigafactory”, under construction in the Nevada desert. There, Panasonic will manufacture lithium cells for 500,000 cars that the company expects to roll off the production lines this decade.",ft,0.0|1.0|0.0|0.0,0.052|0.948|0.0|-0.3612
119,Investors bet on electric car-fuelled copper rush,21/07/2017,"Fortescue is trying to diversify away from iron ore through exploration in Australia and Ecuador. It was examining its reserves of lithium, a metal used in batteries, in the Pilbara region of Western Australia, Mr Power said.",ft,0.0|1.0|0.0|0.0,0.0|0.949|0.051|0.2263
120,Chemical groups gear up for electric car race,11/07/2017,"One industry is quite happy with the climate-policy-based electric vehicle tilt: lithium mining and processing. Shares of Albemarle Corporation, which supplies 30 to 35 per cent of the raw material for lithium batteries, have more than doubled over the past year.",ft,0.0|1.0|0.0|0.0,0.0|0.863|0.137|0.7346
121,Iron ore producer warns of more price cuts to offset low-quality Chinese output,23/05/2017,"These could include lithium, a commodity that is expected to be in greater demand for batteries in electric cars.",ft,0.261|0.739|0.0|-0.4364,0.075|0.8|0.125|0.25
122,Obama leaves a case of environmental whiplash for carmakers and Trump,10/12/2016,"the saws are sharp, the gauge still accurate and even the hand drill, though slow compared with a 14v lithium battery cordless drill, is a handy bit of kit when slow, careful boring is required.",ft,0.0|1.0|0.0|0.0,0.062|0.809|0.129|0.3612
123,Gecamines woos Chinese investors for Congo mines,24/11/2016,"Exposure of their electrodes to the air brings problems, such as reduced performance in humid climates. They are behind lithium -ion in development.",ft,0.0|1.0|0.0|0.0,0.109|0.891|0.0|-0.4019
124,New Rio Tinto chief seeks growth path in volatile times,04/07/2016,"With his silicon-laden vehicles and paradigm-shifting approach, founder Elon Musk appears to have one foot in the software business. Ramping up delivery of code sixfold is a doddle, though. Doing the same with steel, rubber, plastic and lithium is quite another.",ft,0.0|0.776|0.224|0.3818,0.0|1.0|0.0|0.0
125,When a spade isn’t just a spade,25/06/2016,"At Cambridge university, Professor Clare Grey and her team have produced an advanced lithium air battery that costs and weighs a fifth of the lithium ion batteries on which most electric cars now run.",ft,0.0|1.0|0.0|0.0,0.0|0.906|0.094|0.296
126,Fuel replacements jostle on start line,11/05/2016,"First, Tesla’s batteries are based on lithium ion technology, which powers most of today’s cell phones and electric vehicles.",ft,0.0|1.0|0.0|0.0,0.0|1.0|0.0|0.0
127,Volting ambition,02/04/2016,"“While magnetic fusion is like a furnace that is always on, our projectile fusion is a pulsed process that transfers energy from each shot into liquid lithium coolant,” said Nick Hawker, First Light chief executive.",ft,0.0|1.0|0.0|0.0,0.0|0.871|0.129|0.5574
128,Focus on science that could transform energy supply,27/11/2015,Design studio Unknown Fields’ investigations into the landscapes of lithium and water extraction — both suggested as alternatives to fossil fuels — are presented using seductively beautiful images and revealing deeply troubling impacts for local populations.,ft,0.0|0.769|0.231|0.2732,0.096|0.806|0.098|0.0276
129,Lex.,02/05/2015,Albemarle retreated after the chemicals group warned that weak lithium prices would spread outside China next year and excess inventories would take between 12 and 18 months to run down.,ft,0.0|1.0|0.0|0.0,0.152|0.848|0.0|-0.6124
130,Two British companies confident of nuclear fusion breakthrough,28/12/2019,"(Mining lithium, making car batteries, shipping cars and generating most electricity isn’t clean.)",ft,0.0|0.686|0.314|0.4939,0.0|1.0|0.0|0.0
131,A very beautiful emergency,05/12/2019,"today, still driving cars. Electric vehicles won’t save us either: their lifetime emissions are unacceptably high. (Mining lithium, making car batteries, shipping cars and most electricity generation isn’t clean.)",ft,0.357|0.124|0.519|0.3214,0.0|0.897|0.103|0.4939
132,The day in the markets,09/11/2019,"Chemicals maker Albemarle tumbled after warning that one-off issues at its lithium business would hit current-quarter earnings, as well as tempering 2020 guidance. Bryce Elder",ft,0.0|1.0|0.0|0.0,0.087|0.836|0.076|-0.0772
133,The myth of green growth,26/10/2019,"Consultants at Benchmark Mineral Intelligence forecast that cobalt demand for lithium ion batteries will increase from 75,000 tonnes in 2019 to 152,000 tonnes in 2024, out of a total cobalt market of 213,000 tonnes.",ft,0.0|0.606|0.394|0.3818,0.041|0.813|0.146|0.5994
134,The myth of green growth,26/10/2019,petrochemical and hydroelectric plants and trying to produce batteries out of rich lithium deposits.,ft,0.0|0.606|0.394|0.3818,0.0|0.783|0.217|0.5574
135,The day in the markets,26/10/2019,Lithium miner Albemarle and technology partner Livent were dragged down after Chilean mining company SQM announced that earnings had plummeted by nearly half due to a slump in prices for the battery metal. Harry Dempsey,ft,0.0|1.0|0.0|0.0,0.035|0.965|0.0|-0.0516
136,Trafigura helps fund Congo cobalt plant after Glencore retreat,15/10/2019,"Energy storage is seen as one of the main technological bottlenecks that is holding back the deployment of renewable energy worldwide. Current systems such as lithium ion batteries or pumped hydro storage are, respectively, too expensive and too geographically limited to be deployed on a large scale.",ft,0.0|0.614|0.386|0.5267,0.038|0.832|0.131|0.5719
137,The limits of Evonomics,09/10/2019,in circuit boards but 93 per cent of sales revenue is from copper sheets used in lithium batteries.,ft,0.0|1.0|0.0|0.0,0.0|1.0|0.0|0.0
138,The day in the markets What you need to know,23/08/2019,"breakthroughs that can apparently stretch electric vehicle ranges past 600, 1,000, or even 5,000 miles, using high-density lithium batteries or technologies which use a combination of hydrogen and battery power,” says Mr Razvadauskas, adding: “But bringing such products to the market will take several years due to testing and...",ft,0.0|1.0|0.0|0.0,0.0|1.0|0.0|0.0
139,SoftBank ploughs $110m into storage start-up,16/08/2019,"The Wizard of Oz, leaving the Lycra-clad specialists on their expensive racers eating your lithium.",ft,0.0|1.0|0.0|0.0,0.0|1.0|0.0|0.0
140,Star’s sparkle raises Shanghai hopes of challenging Hong Kong for tech IPOs,27/07/2019,"The consortium aims to deliver power at a cost that is the same as, or lower than, the lithium ion battery storage units that are starting to be deployed to help manage variations in electricity supply and demand in many markets.",ft,0.0|0.556|0.444|0.7351,0.085|0.853|0.062|0.0
141,China’s car owners take lead in electric vehicle revolution,08/07/2019,"The need for storage is expected to accelerate massively with the greater use of renewables — and while there has been a lot of hype surrounding lithium batteries, pumped hydro is expected to remain the backbone of the renewables revolution.",ft,0.0|1.0|0.0|0.0,0.0|0.937|0.063|0.3612
142,ROBERT SHRIMSLEY THE NATIONAL CONVERSATION,08/06/2019,"“We are able to store dramatically more lithium in the same volume when the battery is charged,” Mr Berdichevsky said. “That lets us pack more energy into the same size battery, so you need fewer cells to make a pack.”",ft,0.0|1.0|0.0|0.0,0.0|0.941|0.059|0.3384
143,Japanese partners plan US clean power storage,31/05/2019,Johnson Matthey’s response is a £200m investment to make enhanced lithium nickel oxide (eLNO) batteries in Poland.,ft,0.0|0.69|0.31|0.4019,0.0|1.0|0.0|0.0
144,Betting on a ‘water battery’,29/05/2019,"With rival lithium producers complaining of pricing pressure, Albemarle’s performance demonstrated the defensiveness of its business model, said Goldman Sachs.",ft,0.0|1.0|0.0|0.0,0.241|0.759|0.0|-0.5267
145,Daimler leads $170m investment in battery start-up Sila,17/04/2019,"copper, cobalt, nickel and lithium that will be needed as the world shifts to cleaner forms of energy and transport. They are also generating plenty of cash that is being returned to shareholders, and are tackling the challenge or reducing water usage and the storage of waste material.",ft,0.0|1.0|0.0|0.0,0.054|0.848|0.098|0.0772
146,Lex.,03/04/2019,"electric vehicles on a large scale, the company has not been accorded a Tesla-like, or even lithium miner-like, valuation. Indeed, its London stock is, at 309p, about 100 points lower than a year ago. Its price has, however, perked up since the end of December.",ft,0.0|1.0|0.0|0.0,0.051|0.949|0.0|-0.296
147,The day in the markets,22/02/2019,"While lithium-ion batteries require a host of metals such as cobalt, lithium and nickel, most fuel cells only require platinum, of which there is an abundant supply, as a catalyst, at a level of around 0.5 to 0.6 grammes per kilowatt.",ft,0.0|1.0|0.0|0.0,0.0|1.0|0.0|0.0
148,Global miners count the cost of their failings,16/02/2019,"As well as renewable energy, miners are looking at how they can use electric vehicles to lower greenhouse gas emissions. At the huge Olympic Dam copper mine in South Australia, BHP, the world’s biggest miner, is trialling vehicles powered by lithium ion batteries in its underground fleet.",ft,0.314|0.686|0.0|-0.4939,0.043|0.832|0.126|0.5106
149,Glencore’s black flag snags in investors’ screens,04/02/2019,"piece of cake (4) Solution 16,03423 Lithium iron slug’s hollow ring HPRW L FRQ UDFHPH",ft,0.0|1.0|0.0|0.0,0.0|0.85|0.15|0.3182
150,China bets on hydrogen power,03/01/2019,"The country’s gold mines have already surpassed the total output of 2017, for example, while a plant for the production of lithium carbonate project in Kwekwe is off to a promising start. Critically, agriculture is increasingly being funded by the private sector.",ft,0.0|1.0|0.0|0.0,0.0|0.935|0.065|0.4019
151,Miners plot sustainable future,28/12/2018,"Dyson’s other forte is batteries. It already makes 7 per cent of the world’s lithium ion cells, to power devices such as its cordless floor cleaners.",ft,0.0|1.0|0.0|0.0,0.0|1.0|0.0|0.0
152,CROSSWORD,07/12/2018,Asian manufacturers have already signed up much of the available supply of raw materials such as lithium and cobalt.,ft,0.0|1.0|0.0|0.0,0.0|1.0|0.0|0.0
153,Zimbabwe has no choice but to embark on painful reforms,14/11/2018,"The bloc has cobalt, lithium, graphite and nickel deposits in France, Finland, Portugal, Spain and the Czech Republic, Mr Sefcovic said. Mr Srivastava said that with a combination of recycling and new, lower cobalt batteries, “there will be enough cobalt” in the near term.",ft,0.405|0.595|0.0|-0.6652,0.05|0.95|0.0|-0.296
154,A British inventor pivots to Asia,27/10/2018,"LITHIUM MINES #1,SALTFLATS,ATACAMA DESERT, CHILE, 2017 BY EDWARD BURTYNSKY",ft,0.0|1.0|0.0|0.0,0.0|1.0|0.0|0.0
155,EU battery jolt may fail to energise its auto sector,18/10/2018,"Even if carmakers have battery vehicles on the market, stepping up their output is challenging because the parts that go into them — batteries containing lithium, cobalt and other rare materials — are in high demand.",ft,0.238|0.544|0.218|-0.0772,0.043|0.912|0.046|0.0258
156,Brussels offers billions to spark electric car battery investment,16/10/2018,"So we had a lithium boom, a threefold run-up in the cobalt",ft,0.0|0.808|0.192|0.2263,0.0|1.0|0.0|0.0
157,Index,13/10/2018,"The start-up developed a suite of different technologies — blockchain, RFID and data matrix coding — to track diamonds from mines to retailers and is now diversifying to prove the provenance of fine wine, gemstones, metals and the lithium and cobalt in next-generation batteries.",ft,0.0|1.0|0.0|0.0,0.0|0.957|0.043|0.2023
158,Carmakers forced to speed up electric plans,08/10/2018,"Since then the group, led by deal-maker Sonny Wu, has appeared in a number of high-profile auctions for overseas assets. In the second half of last year it entered the race for a stake in SQM, the Chilean lithium producer, but was beaten by Tianqi, the Chinese battery maker.",ft,0.333|0.667|0.0|-0.4588,0.074|0.876|0.05|-0.4939
159,Palladium price soars as carmakers throw in sponge,01/10/2018,"The world of threatened beasts meshes with the spiralling descent of the poet’s mother into lithium tremors, depression and psychosis, triggered by the beatings and abuse by Petit’s father.",ft,0.0|1.0|0.0|0.0,0.295|0.705|0.0|-0.8979
160,‘Friends call it the Taj Mahal of trains’,11/08/2018,"• Klout, a Lithium Technologies product that created rating scores for social media users",ft,0.0|1.0|0.0|0.0,0.0|0.846|0.154|0.25
161,Nissan scraps $1bn sale of battery unit to Chinese buyout group,03/07/2018,"Even in that fantasy world, we will need a lot more copper, vanadium, lithium and other minerals to raise world living standards. Poor farmers in India with kerosene lamps will want electrified houses. Africans need electric generators and transmission lines to build an industrial economy. Of course the workers and",ft,0.0|1.0|0.0|0.0,0.06|0.914|0.025|-0.4215
162,Pascale Petit’s wilderness,26/05/2018,Panasonic has committed up to $1.6bn for the gigafactory and in turn been granted exclusivity in supplying lithium ion batteries for Tesla’s Model 3. It had expected these costly investments to start to pay off this year but that will now have to wait until Tesla increases production.,ft,0.0|1.0|0.0|0.0,0.049|0.89|0.062|0.1655
163,US groups put prudence before profit and quit Europe to avoid GDPR pitfalls,25/05/2018,"The Big Bang that started our universe made only the three lightest elements: hydrogen, helium and a little lithium (1).",ft,0.137|0.683|0.18|0.1779,0.0|1.0|0.0|0.0
164,Clean energy world needs strong mining sector,09/04/2018,"Solid state batteries, which Dyson has been developing for years, are a step change beyond lithium ion technology, with the ability to drive further and charge faster.",ft,0.0|0.331|0.669|0.7964,0.0|0.86|0.14|0.4404
165,Panasonic’s Tesla woes echo identity crisis across Japan Inc,04/04/2018,"Glencore gained 3.3 per cent to 415p, with Exane BNP Paribas positive on the group’s broad exposure to the “artisanal mining” of battery materials such as cobalt, nickel and lithium.",ft,0.5|0.5|0.0|-0.7906,0.0|0.819|0.181|0.7351
166,The gold in our stars,22/03/2018,"motors and lithium batteries drive the turbo pumps in the engine, rather than the more complex and expensive gas generators used in traditional rockets. The company 3D prints its engines, which dramatically reduces the time it takes to build each rocket.",ft,0.0|1.0|0.0|0.0,0.0|1.0|0.0|0.0
167,Dyson’s daring cars move reflects tech clout,15/02/2018,"The $182m VanEck Vectors Rare Earth/Strategic Metals ETF returned 81.4 per cent last year, while the more tightly focused $1.1bn Global X Lithium & Battery Technology ETF delivered a 64 per cent return.",ft,0.0|0.706|0.294|0.3612,0.0|0.91|0.09|0.4364
168,3i lifted by payout hopes amid retailer Action’s bond sale,30/01/2018,"Last month, Volkswagen launched a tender seeking a minium of five years’ supply of cobalt. “A secure and sustainable supply of raw materials for the Li-ion (lithium ion) battery will be the key factor to become e-mobility market leader,” it said.",ft,0.0|0.763|0.237|0.4215,0.0|0.905|0.095|0.4404
169,Space invaders,25/01/2018,"Elsewhere I have suggested why such drugs as lithium, prazosin, pioglitazone might in combination be effective and it would cost only $1m to demonstrate this.",ft,0.0|1.0|0.0|0.0,0.0|0.881|0.119|0.4767
170,Bitcoin sprinkles its sparkle on ETFs,08/01/2018,Chinese companies dominate global production of solar panels and are rapidly expanding in manufacturing of wind turbines and lithium batteries. They are in large part responsible for falling global costs of renewable power.,ft,0.0|0.641|0.359|0.4215,0.088|0.847|0.065|0.0516
171,Green revolution spreads to metals,06/12/2017,"Promoting electric cars is a good idea, for example. However, some of the biggest makers of lithium batteries have questionable governance records. And a lot of the cobalt in cathodes comes from a country tainted by child labour and powerful warlords.",ft,0.0|1.0|0.0|0.0,0.05|0.766|0.185|0.7184
172,Letters,04/12/2017,"An LME working group with 70 car-makers, battery producers and miners involved in electric vehicles is due to meet in London this week to discuss new futures contracts for lithium and cobalt that would allow users to manage their exposure to fluctuating prices.",ft,0.0|1.0|0.0|0.0,0.0|0.957|0.043|0.2263
173,A sharp reality check on the climate challenge,15/11/2017,The craze over electric vehicles has also sparked heavy trading in China in battery components such as lithium and cobalt.,ft,0.0|0.822|0.178|0.0772,0.078|0.922|0.0|-0.1531
174,A guide to winning over the ethical-investment sceptics,06/11/2017,"If the environmental and economic motivations are clear, Beijing also sees a competitive edge to exploit: while it has long lagged behind in the technology of combustion engines, it boasts two of the top-five lithium battery makers in the world, CATL and carmaker BYD.",ft,0.168|0.495|0.337|0.4019,0.077|0.832|0.092|0.1779
175,Metals trade eyes fresh spark from electric cars,31/10/2017,Dyson said it believed its development of solid state batteries — which can hold higher power and charge in less time than conventional lithium ion batteries — would help it compete with more established rivals.,ft,0.0|0.588|0.412|0.4939,0.0|0.878|0.122|0.5106
176,Subsidies help China towards electric vehicle dominance,24/10/2017,"Unlike other resources where Japan has faced shortages, from oil to lithium, platelets cannot be imported or stored for long.",ft,0.0|0.526|0.474|0.5423,0.078|0.922|0.0|-0.1531
177,China’s highly charged power play,13/10/2017,"Meanwhile, anticipation of rising demand for electric vehicles has pushed up prices for metals used in batteries such as copper, manganese, nickel and lithium as land-based deposits become depleted. In February, hedge funds including China’s Shanghai Chaos began stockpiling cobalt, which is used to enhance lithium-ion batteries.",ft,0.27|0.387|0.343|0.1458,0.103|0.87|0.028|-0.5859
178,UK tech group Dyson to tap battery expertise with move into electric cars,27/09/2017,"The UK was once at the forefront of the development of lithium ion battery technologies, especially lithium cobalt oxide, which is used in almost all laptops, tablets and smartphones. As with so many other technologies, the UK failed to derive much economic benefit from this.",ft,0.0|1.0|0.0|0.0,0.067|0.872|0.061|-0.0772
179,A scientific ‘moonshot’,05/09/2017,"lithium, and raising concerns about their environmental footprint.",ft,0.0|1.0|0.0|0.0,0.0|1.0|0.0|0.0
180,China miners plan voyage to bottom of sea to reinforce dominance as metals suppliers,21/08/2017,generous subsidies that once amounted to nearly 60 per cent of an electric vehicle’s price. Sales quadrupled in 2015 as a result. The craze over electric vehicles has even sparked heavy trading in China in commodities such as lithium and cobalt — key components for batteries.,ft,0.0|0.878|0.122|0.2023,0.034|0.896|0.07|0.4019
181,Letters,04/08/2017,"However, the price of lithium ion batteries have halved since 2014, and Mr Starace sees further falls ahead.",ft,0.0|1.0|0.0|0.0,0.0|1.0|0.0|0.0
182,Tesla’s giant battery to help tackle power shortages,08/07/2017,A laptop ban would also mean affected airlines quickly amending rules prohibiting lithium ion batteries being carried in hold baggage because of the risk of explosion. When the initial ban was announced in March airlines had just four days to implement changes.,ft,0.155|0.583|0.262|0.2732,0.228|0.772|0.0|-0.872
183,China defuses electric vehicle overload,28/06/2017,"A few seconds after the hypothetical Big Bang, the universe was operating as a nuclear-fusion reactor, converting nuclei of hydrogen (single protons) into the elements of helium, lithium and deuterium (an isotope of hydrogen with one proton and one neutron).",ft,0.385|0.615|0.0|-0.3612,0.0|1.0|0.0|0.0
184,Green revolution to charge ahead as battery power increases,20/06/2017,"A few seconds after the hypothetical Big Bang, the universe was operating as a nuclear-fusion reactor, converting nuclei of hydrogen (single protons) into the elements of helium, lithium and deuterium (an isotope of hydrogen with one proton and one neutron).",ft,0.0|1.0|0.0|0.0,0.0|1.0|0.0|0.0
185,US considers widening Mideast laptop ban to European flights,12/05/2017,"Electricity storage with lithium ion batteries is becoming a feasible option, both for supporting power grids and for individual consumers.",ft,0.31|0.69|0.0|-0.5574,0.0|0.861|0.139|0.4404
186,The big bounce,18/03/2017,"In the twilight the flats shone like points of diamond light; chlorides of sodium, potassium, magnesium, as well as borax and lithium, have turned the salt expanse a wedding-cake white tinged with grey.",ft,0.0|1.0|0.0|0.0,0.0|0.773|0.227|0.7351
187,THE BIG BOUNCE,18/03/2017,"during the sunniest hours to prevent them overloading the electrical grid. A more modern grid, combined with more flexible generation sources such as natural gas plants and more energy storage options such as the world’s largest lithium ion batteries planned for Los Angeles, will be needed to balance the grid.",ft,0.0|1.0|0.0|0.0,0.0|0.792|0.208|0.862
188,Carmakers pause before charging into electric market,23/11/2016,"As the market expands toward the ambitious official goal of selling 5m pure electric and hybrid plug-in vehicles a year by 2020, a host of Chinese lithium ion battery makers will be further incentivised to upgrade their technology.",ft,0.0|1.0|0.0|0.0,0.0|0.883|0.117|0.5423
189,LG Chem takes on Tesla in US home power storage market,27/10/2016,"longevity, lithium battery and “Catholic values” ETFs. The last one follows the investment guidelines set out by the US Conference of Catholic Bishops.",ft,0.0|1.0|0.0|0.0,0.0|1.0|0.0|0.0
190,High and dry,22/10/2016,"Batteries belong in the first class. They look today much like they did a century ago but the material used has changed, slowly, from lead to nickel to lithium. This is a reason to question the future of electric cars and keep open the option of developing fuel cells instead.",ft,0.0|1.0|0.0|0.0,0.0|0.964|0.036|0.1901
191,California’s cleaner dream,19/10/2016,"The greatest contributor to the price is the battery, which can account for a significant portion of the cost of an electric car. The dominant force in battery powered cars is costly lithium ion technology, the same used in laptops and mobile phones.",ft,0.0|0.213|0.787|0.4019,0.03|0.841|0.129|0.6808
192,Beijing sets its sights on new industries,19/08/2016,Cellennium’s great hope is a so-called redox flow battery that its advocates claim offers greater storage times and longer life than traditional lithium ion cells such as Tesla’s Powerwall.,ft,0.0|1.0|0.0|0.0,0.0|0.725|0.275|0.8591
193,Esoteric ETFs test niche bets to breaking point,02/08/2016,"To this end, Attila Krasznahorkay at Hungary’s Institute for Nuclear Physics, fired protons at lithium isotopes, which produced unstable beryllium nuclei. These beryllium",ft,0.0|1.0|0.0|0.0,0.225|0.775|0.0|-0.7269
194,"Relax about robots, worry about climate change",28/07/2016,"About 93 per cent of China’s cobalt units originate in the DRC, says Macquarie, the highest proportion of commodity supply from a single country. That is unlike other battery commodities such as lithium, where China can supply 17 per cent of its own supply.",ft,0.269|0.463|0.269|0.0,0.0|1.0|0.0|0.0
195,Electric cars must charge harder to get into fifth gear,26/07/2016,Nissan said that using a sodium compound within the battery instead of a carbon one could help it increase the energy density within a standard lithium ion battery by up to 150 per cent. Its current batteries have an energy density of up to 400 watt hours per litre.,ft,0.0|1.0|0.0|0.0,0.0|0.82|0.18|0.802
196,Thai start-up tries to outdo Tesla in green energy storage,01/07/2016,But Mr Landells’ view has evolved. His concern now is that a drone’s lithium battery could reach an engine core and cause it to blow up disastrously,ft,0.0|0.811|0.189|0.2732,0.0|0.956|0.044|0.0387
197,Physicists have opened up a thrilling wonderland,08/06/2016,"Lithium: Growing demand is seeing its price rise, but is the hype justified?",ft,0.0|0.617|0.383|0.4767,0.077|0.619|0.303|0.5647
198,China charges into cobalt to take batteries lead,26/05/2016,GM recently announced a supply contract with LG Chem for delivery of lithium — ion cells at a cost of $145/kWh which translates to $210/kWh for battery packs.,ft,0.231|0.769|0.0|-0.2732,0.0|1.0|0.0|0.0
199,Nissan looks to double electric cars’ battery power,23/05/2016,"Despite a recent rise in the price of lithium, the raw material used in the batteries that power most electric cars, battery costs have come down 70 per cent over the past five years to about $375 per kWh, says research by brokerage CLSA.",ft,0.0|1.0|0.0|0.0,0.0|1.0|0.0|0.0
200,"Drones, planes and the fear factor",02/05/2016,"While early electric bikes had heavy, cumbersome lead-acid batteries, the use of lithium means the battery can be hidden within what looks like a conventional water bottle.",ft,0.39|0.61|0.0|-0.4939,0.0|0.909|0.091|0.3612
201,Letters,25/04/2016,"them LED displays and lithium ion batteries, experts hailed the deal as a big breakthrough for multilateral trade negotiations.",ft,0.0|1.0|0.0|0.0,0.0|0.899|0.101|0.2263
202,Letters,21/04/2016,"Some techniques, such as pumping water, have been used for centuries. Others, such as lithium ion, are not yet commercially viable, but the pace of improvement in costs is impressive.",ft,0.0|1.0|0.0|0.0,0.0|0.768|0.232|0.8573
203,Hippy classic aims to switch happy campers to cooler fuel,19/01/2016,Then there is the cost of the lithium ion battery technology Tesla has chosen to employ.,ft,0.0|0.709|0.291|0.5719,0.0|1.0|0.0|0.0
204,The hidden helping hand,16/01/2016,"Both goals hinge on the success of a 1,000-acre, $5bn lithium ion battery factory under construction in the Nevada desert, known as the Gigafactory, that Tesla says will help drive down costs.",ft,0.0|0.27|0.73|0.6597,0.0|0.819|0.181|0.7506
205,Tech tariffs slashed in biggest WTO deal for nearly two decades,17/12/2015,"South Korea had objected to the deal struck by the US and China because it did not remove tariffs on important products such as LCD display panels and lithium ion batteries, according to people close to the negotiations.",ft,0.16|0.84|0.0|-0.2263,0.05|0.905|0.045|-0.0516
206,Energy storage is no longer just hot air,09/12/2015,"Called the Powerwall, Tesla’s battery, which uses standard lithium ion technology, comes in two sizes: a $3,500 10 kWh unit designed to provide back-up for a house if the traditional electricity grid goes down; and a $3,000 7 kWh version to help homes with solar panels handle daily fluctuations...",ft,0.214|0.583|0.204|-0.0258,0.0|0.942|0.058|0.4019
207,Musk’s vision of cheaper cars keeps powering Tesla stock,14/09/2015,acquisition of speciality chemical maker Taminco for $1.8bn. That followed Albemarle’s $6.2bn takeover of lithium specialist Rockwood.,ft,0.0|0.8|0.2|0.25,0.0|1.0|0.0|0.0
208,Time to accelerate,11/09/2015,but it has now trained its sights on producing lithium ion batteries for electric and hybrid cars.,ft,0.0|1.0|0.0|0.0,0.0|1.0|0.0|0.0
209,China clears way for global high-tech trade deal,20/07/2015,"storage devices: batteries and supercapacitors. The clay gets its conductivity from two-dimensional particles of titanium carbide, which are made into a water-absorbing paste through a simple reaction involving lithium fluoride and hydrochloric acid.",ft,0.0|0.843|0.157|0.0772,0.0|1.0|0.0|0.0
210,Tesla spurs stored power revolution,02/05/2015,,ft,0.0|1.0|0.0|0.0,0.0|0.0|0.0|0.0
211,Evonik eyes takeover bid for Clariant,27/03/2015,,ft,0.0|1.0|0.0|0.0,0.0|0.0|0.0|0.0
212,‘Growth drivers’ fail to excite investors,05/03/2015,,ft,0.33|0.377|0.292|-0.1027,0.0|0.0|0.0|0.0
213,Science,10/01/2015,,ft,0.0|1.0|0.0|0.0,0.0|0.0|0.0|0.0
