0,headline,date,snippet,source
1,Batteries and Renewable Energy Set to Grow Together,2015-04-20T18:43:34+0000,As sun and wind become bigger parts of the electricity mix scientists are pushing to increase the capacity of battery storage.,The New York Times
2,Video Review: The VW Jetta Hybrid Offers Fuel-Efficient Fun,2015-04-22T16:22:40+0000,When it comes to hybrids Toyota owns the market with the Prius but the Volkswagen is an alternative for those looking for more performance.,The New York Times
3,Liquid Batteries for Solar and Wind Power ,2015-04-22T20:52:49+0000,So-called flow batteries can provide energy steadily over time and last much longer than other types of storage.,The New York Times
4,F.A.A. Orders Fix for Possible Power Loss in Boeing 787,2015-04-30T20:24:20+0000,The Federal Aviation Administration said operators of the Dreamliner jet were to shut down power periodically after a software problem was found.,The New York Times
5,Tesla Ventures Into Solar Power Storage for Home and Business,2015-05-01T04:24:14+0000,Tesla Motors says it is making a foray into the challenge of how to use the sun’s energy when it isn’t shining with a fleet of battery systems for homeowners businesses and utilities.,The New York Times
6,With Tesla Entering Market Hopes for Home Batteries Grow,2015-05-13T12:27:14+0000,For now home batteries remain a novelty. The market is poised for growth though after Tesla Motors said it would offer batteries at a lower price.,The New York Times
7,Afghan Minerals Another Failure,2015-05-27T01:29:00+0000,In the war-ravaged country development is lagging and American aid is being squandered.,The New York Times
8,Vincent Bolloré’s Long Bet on Solid-State Batteries for Electric Cars,2015-06-12T11:31:54+0000,A popular but unprofitable electric-car-sharing business in Paris is expanding in Europe and America but it’s really a bet on besting lithium-ion batteries.,The New York Times
9,Traces of Earliest Stars That Enriched Cosmos Are Spied,2015-06-17T10:00:19+0000,Astronomers said a recently discovered galaxy known as CR7 holds the signature of a lost generation of stars that created the elements needed for life.,The New York Times
10,‘I Don’t Believe in God but I Believe in Lithium’,2015-06-25T11:00:08+0000,My 20-year struggle with bipolar disorder.,The New York Times
11,Video Review: BMW i8 Is a Futuristic Hybrid That Drives Like a Rocket,2015-07-07T15:21:11+0000,This plug-in has an all-electric range of 22 miles but it also has a turbocharged 1.5-liter gasoline engine which helps propel the car to 60 m.p.h. in 4 seconds.,The New York Times
12,Video Review: Honda Takes Different Path With the Accord Hybrid,2015-07-29T18:16:32+0000,The Accord has the appearance of gas-only models but inside is a lithium-ion battery and a gas-electric system that is unlike other hybrids.,The New York Times
13, Theory on Lithium in Stars May Be Confirmed,2015-08-03T17:11:40+0000,Lithium has been found in material ejected by a nova or a stellar explosion for the first time. That may confirm the theory that lithium in young stars came from novae.,The New York Times
14,Hybrid-Powered Megayachts Come With Green Bragging Rights,2015-08-22T18:47:29+0000,The wealthy want to show and sometimes show off their commitment to the environment even as they build ever bigger mansions jets and yachts.,The New York Times
15,Porsche Aiming at Tesla Unveils Electric Concept Car,2015-09-15T01:28:42+0000,The planned luxury performance sedan has 600 horsepower and can reach 60 miles an hour in under 3.5 seconds Porsche says. Top speed is 155 miles an hour.,The New York Times
16,Energy Storage Industry Gaining Momentum,2015-10-26T01:52:12+0000,Despite decades of public and private research and investment the storage industry has struggled to take off though there are signs that this may be changing.,The New York Times
17,Robert Neugeboren Survivor of Psychiatric Abuses Dies at 72,2015-10-31T20:39:37+0000,Mr. Neugeboren was hauled away in a straitjacket in his late teens and spent most of his adult life in institutions.,The New York Times
18,F.B.I. to Help Russia Investigate Plane Crash in Egypt,2015-11-07T16:46:07+0000,Some American officials said that the Russians want help analyzing forensic evidence from the charter plane that broke apart over the Sinai Peninsula killing 224 people.,The New York Times
19,Gaps in Egyptian Airport Security Face Scrutiny After Crash,2015-11-07T17:12:51+0000,Inconsistencies in airport security in Egypt are now under a spotlight as evidence from the crash of a Russian charter jet points to the possibility of a bombing.,The New York Times
20,How to Upgrade Your Thanksgiving Road Trip,2015-11-09T10:00:19+0000,From a plug-in espresso machine to an organizer for toys and gadgets accessories to make your trip go smoother.,The New York Times
21,The Doomsday Scam,2015-11-19T10:00:19+0000,For decades aspiring bomb makers — including ISIS — have desperately tried to get their hands on a lethal substance called red mercury. There’s a reason that they never have.,The New York Times
22,Electric Scooters and a Network,2015-12-07T11:17:40+0000,A Taiwan-based startup called Gogoro has been using the scooter-filled streets of Taipei to test its Smartscooter an electric scooter supported by a network of battery-swapping stations.,International New York Times
23,Change Isn’t as Easy as a Flip of a Switch,2015-12-07T11:28:26+0000,While renewable energy is extremely popular among the German public power lines are not.,International New York Times
24,Air and Cruise News: Airlines Ban Hoverboards; United Snacks Are Back,2015-12-14T10:45:03+0000,What you need to know if you’re on a trip or planning one soon including cruises with musical themes (“Grease” is the word) and an Arctic trip.,The New York Times
25,Hoverboard Safety Fears Grow as Problems Mount,2015-12-14T17:22:44+0000,After fires the Consumer Product Safety Commission is investigating and online retailers are removing some of the powered boards from their sites.,The New York Times
26,Silencing the Inner Torment a Brooklyn Man Finds a Way Forward,2015-12-19T20:00:04+0000,Tyson Fabers heard voices that compelled him toward violence and self-medication. Now he is working to regain the commercial driver’s license he lost while hospitalized.,The New York Times
27,New York Officials Seek to Legalize Hoverboards,2015-12-30T03:43:27+0000,State Senator Jose Peralta a Democrat has introduced a state bill to allow use of the devices in New York City as their popularity has surged in recent months in cities.,The New York Times
28,Ted Stanley Whose Son’s Illness Inspired Philanthropy Dies at 84,2016-01-08T23:32:58+0000,Mr. Stanley who made his fortune selling collectibles gave hundreds of millions of dollars to biomedical research on psychiatric disorders.,The New York Times
29,Video Review: Chevy Volt Impresses With Tech Design and Driving Pleasure,2016-01-21T16:56:26+0000,The second-generation Chevy Volt a plug-in hybrid available this spring is more efficient than its predecessor looks better and is about $1000 less expensive. It’s also fun to drive.,The New York Times
30,In Philadelphia Batteries on Transit System Power More Than Just the Trains ,2016-01-22T01:18:59+0000,In an experimental system every time the trains pull into certain stations they channel the energy created by the friction of their brakes to battery banks at one of two substations.,The New York Times
31,Video Review: The BMW X5 xDrive40e a Hybrid for the Future,2016-02-05T01:33:16+0000,The fuel savings may not offset the cost at today’s prices but this well-engineered and smooth-driving S.U.V requires no other sacrifices of its owner.,The New York Times
32,The Risks in Hoverboards and Other Lithium-Ion Gadgets,2016-03-02T18:51:22+0000,Inexpensive battery-powered devices are catching fire and exploding but there are ways to protect yourself.,The New York Times
33,Video Review: Volvo’s XC90 T8 Is Another Step Up,2016-03-31T12:52:25+0000,The powerful efficient and costly plug-in hybrid is targeted to draw buyers away from traditional luxury brands.,The New York Times
34,Tesla Model 3 Orders Surge Even Before Its Unveiling,2016-04-01T08:24:27+0000,The new electric vehicle is “the final step in the master plan which is a mass market affordable car” said Tesla’s chief executive Elon Musk.,The New York Times
35,What Makes Formula E Cars Tick,2016-04-22T10:37:59+0000,While they may be clean and quiet these are still serious racing machines.,International New York Times
36,Japan Consortium Misses Out on $38.5 Billion Australian Submarine Deal,2016-04-26T10:21:07+0000,Australia chose a French company to supply a dozen attack submarines for its navy rejecting a bid from a Japanese consortium that had been seen as the front-runner.,The New York Times
37,Young Analysts Press the Case for Innovation and Tolerance in Pursuing a Post-Carbon Energy Menu,2016-05-06T21:14:00+0000,Two young energy analysts offer a path past the tangled debates over how much to invest in deploying today’s renewable-energy technologies and tomorrow’s breakthroughs.,The New York Times
38,Solar Aircraft Bound Around World Soars Over Statue of Liberty,2016-06-11T15:30:35+0000,A pioneering effort to fly a solar-powered aircraft around the world makes a high-profile stop in the city that never sleeps.,The New York Times
39,Testing the Clean-Energy Logic of a Tesla-SolarCity Merger,2016-06-23T17:26:41+0000,Whether Elon Musk’s “vertically integrated energy company” is the right model some experts see virtue in the theory.,The New York Times
40,How to Recycle Your Used Electronics,2016-06-27T00:00:00+0000,According to a United Nations University study (PDF) “the global quantity of e-waste generation in 2014 was around 41.8 [million metric tons].” That’s approximately 12 pounds of waste or 38 iPhone 6s handsets for every man woman and child on ...,Wirecutter
41,NASA’s Juno Spacecraft Will Soon Be in Jupiter’s Grip,2016-06-28T06:45:39+0000,The spacecraft is to orbit the largest planet in the solar system perhaps providing insight into the origin of Earth.,The New York Times
42,Video Review: Hyundai’s Plug-In Sonata Saves Fuel With Understatement,2016-06-30T16:10:35+0000,The conservatively handsome and roomy Sonata Plug-in Hybrid Hyundai’s entry in a field with few competitors doesn’t look like a science experiment.,The New York Times
43,Elon Musk of Tesla Sticks to Mission Despite Setbacks,2016-07-24T13:39:40+0000,The billionaire entrepreneur Elon Musk is running a private rocket company doubling down on alternative fuels and pressing on with Tesla after a series of accidents.,The New York Times
44,Why Your Phone Dies When It Claims to Have Battery Left,2016-07-26T00:00:00+0000,The battery meter in the corner of a phone's screen might make you think that you’re seeing a perfect standardized measurement but the reality is sometimes a little closer to the guess-your-weight booth at the carnival. Indeed there’s a good ch...,Wirecutter
45,Video Review: Decent Handling in a Toyota Prius? Yes the New One,2016-08-04T14:16:00+0000,The fuel economy of the new fourth-generation Prius is better than the departing model and a new multilink rear suspension upgrades the ride quality.,The New York Times
46,Everyone Despises SolarCity Deal Except Tesla Shareholders,2016-08-04T17:11:28+0000,Focusing on the conflicts of interest in Tesla Motors’ proposed takeover of SolarCity misses the bigger picture some investors say.,The New York Times
47,Should You Charge Your Phone Overnight?,2016-08-22T07:00:28+0000,Leaving your phone plugged in when its battery is already fully charged shouldn’t be bad for it. Except that the act of charging can itself hurt our phones.,The New York Times
48,Watts in a Name? Why We’re Using Watt-Hours to Compare Batteries,2016-08-26T00:00:00+0000,We’re switching to Watt-hours for battery measurements because it’s easier to shop for battery-powered products if you have a way to directly compare them.,Wirecutter
49,Samsung to Recall 2.5 Million Galaxy Note 7s Over Battery Fires,2016-09-02T09:49:48+0000,The recall covers 10 countries and represents a blow to the South Korean company’s effort to catch up with the Apple iPhone.,The New York Times
50,Samsung’s Recall: The Problem With Lithium-Ion Batteries,2016-09-02T15:51:21+0000,The type of battery used in Samsung’s recalled smartphones is lightweight and powerful and it has a troubled history.,The New York Times
51,How to Set Up Off-the-Grid Solar Power,2016-09-08T00:00:00+0000,Here’s a guide to the equipment necessary to generate and store minimal power for a remote property from the solar panels to the breaker panel.,Wirecutter
52,Galaxy Note 7 Owners Are Urged to Stop Using Their Phones,2016-09-09T22:31:41+0000,The warning came from Samsung and safety regulators. Dozens of the smartphones have caught fire or exploded in recent days and a recall is underway.,The New York Times
53,Daily Report: Samsung Compounds Its Smartphone Woes,2016-09-16T15:21:43+0000,A recall has turned into a debacle for the South Korean phone giant as Samsung has trouble executing its recall of phones that are prone to bursting into flames.,The New York Times
54,What to Do if You Have a Samsung Galaxy Note 7,2016-09-16T17:21:49+0000,Samsung’s new smartphone has a serious battery defect and owners should exchange the device as soon as possible.,The New York Times
55,California Today: Clearing the Air Without Fossil Fuels,2016-09-20T11:47:13+0000,Tuesday: Cutting out fossil fuels in Los Angeles the sapping of the Silicon Valley food scene and San Francisco’s friendly bicycling.,The New York Times
56,The Deflategate Scientists Unlock Their Lab,2016-09-21T09:30:48+0000,The researchers whose work led to Tom Brady’s suspension have never spoken publicly. Now they’re eager to say they were right no matter what Patriots fans believe.,The New York Times
57,A Health Checkup for Your Laptop Battery,2016-09-30T16:34:38+0000,Lithium-ion batteries don’t last forever but there are ways to find out your battery’s current condition.,The New York Times
58,Samsung Halts Galaxy Note 7 Production as Battery Problems Linger,2016-10-10T05:01:37+0000,The move is a major setback for the world’s largest producer of smartphones which had been gaining ground against Apple in the high-end market.,The New York Times
59,Do You Have a Samsung Galaxy Note 7? Here’s What to Do,2016-10-11T17:32:06+0000,Power down the device immediately. Then contact the wireless carrier or store where it was bought for details about a refund or exchange.,The New York Times
60,Video Review: Ford Fusion Hybrid Combines Savings and Style,2016-10-27T15:59:22+0000,The Fusion may not be as miserly on gasoline as the Toyota Prius but the Ford has the handsome chiseled lines that many hybrids lack.,The New York Times
61,Batteries That Make Use of Solar Power Even in the Dark,2016-11-03T04:01:36+0000,Solar farms are increasingly common but they depend on the sun. A new technology harvests that energy so it can be sold when prices are high.,The New York Times
62,Looking to the Future of Our Humans-First World,2016-12-09T15:40:53+0000,In “The Unnatural World” David Biello scouts for ideas on how we might now live on a planet that our grandparents won’t recognize for long.,The New York Times
63,Designing a Safer Battery for Smartphones (That Won’t Catch Fire),2016-12-12T00:41:07+0000,A Massachusetts start-up is part of a new wave of efforts in the United States Europe and Asia to improve battery technologies as consumers demand more from phones and cars.,The New York Times
64,Biggest Tech Failures and Successes of 2016,2016-12-14T16:30:01+0000,From exploding smartphones and hoverboards to fake news on social media many tech hardware software and web products suffered embarrassing setbacks. But it was not all bleak.,The New York Times
65,Video Review: Nissan’s Rogue Joins the Toyota RAV4’s Hybrid S.U.V. Club,2016-12-15T14:53:12+0000,The Rogue Hybrid offers an even more fuel-efficient version of a compact sport utility vehicle that was already stingy with a gallon of gas.,The New York Times
66,How to Determine the Power Rating of Your Gadget’s Batteries,2016-12-26T19:17:58+0000,Most phones and tablets are well within the airline industry’s safety rules for lithium-ion batteries but some gadgets like drones may push the limits.,The New York Times
67,A Big Test for Big Batteries,2017-01-14T10:00:19+0000,In California an environmental crisis forced a utility to fast-track a risky idea — using rechargeable cells to stand in for power plants.,The New York Times
68,Fighting iPhone Battery Life Blues,2017-01-23T16:12:52+0000,At least one iPhone model has some units with a defective power cell but other factors like age and temperature can make the battery conk out.,The New York Times
69,Video Review: Acura NSX a Supercar in Almost All Ways,2017-03-30T13:57:44+0000,Honda’s Acura division long erred on the rational and practical side. The second-generation NSX supercar is a welcome shock to those sensibilities.,The New York Times
70,El Salvador’s Historic Mining Ban,2017-04-01T18:30:20+0000,Officials in El Salvador showed exemplary foresight in banning mining of gold and other metals.,The New York Times
71,North Korea’s Nuclear Strength Encapsulated in an Online Ad for Lithium,2017-04-03T09:02:46+0000,An ad for the bomb-boosting isotope lithium 6 suggests how far the North’s nuclear program has come and how difficult President Trump’s vow to halt it will be.,The New York Times
72,India Once a Coal Goliath Is Fast Turning Green,2017-06-02T17:04:00+0000,As the United States drops out of the Paris climate pact New Delhi is canceling coal-fired power plants and investing heavily in renewable energy sources.,The New York Times
73,Le Mans Innovation Rolls Out of Garage 56,2017-06-16T04:01:24+0000,For truly madcap motoring ideas at the race one must turn to Garage 56 which puts a concept car on the track.,International New York Times
74,Tesla to Install World’s Largest Lithium-Ion Battery in Australia. Also: Reactions to North Korea.,2017-07-07T05:52:30+0000,Conversation starters and context drawn from the day’s news in Australia.,The New York Times
75,When Will Electric Cars Go Mainstream? It May Be Sooner Than You Think,2017-07-08T04:07:40+0000,A growing number of analysts say pessimism about plug-in cars could be becoming outdated thanks in part to plunging battery prices.,The New York Times
76,Mosul G-20 Tesla: Your Morning Briefing,2017-07-09T19:45:05+0000,Here’s what you need to know to start your day.,The New York Times
77,A Better Safer Battery Could Be Coming to a Laptop Near You,2017-08-01T21:21:12+0000,A start-up company in Massachusetts says it has found a way to turbocharge alkaline batteries for a safer cheaper and rechargeable alternative to lithium ion.,The New York Times
78,As Samsung Executive Awaits Verdict Company Surges,2017-08-07T08:57:54+0000,But experts say it is still an open question whether the South Korean manufacturing giant has a clear strategy to carry it into the future.,The New York Times
79,In Northern Minnesota Two Economies Square Off: Mining vs. Wilderness,2017-10-12T09:00:26+0000,Proposed mines near the Boundary Waters have become the latest front in the fight over who gets to profit from America’s natural resources.,The New York Times
80,An Electric Car and a Rugged Throwback: The Dreams of 2 Rich Britons,2017-10-12T18:43:01+0000,James Dyson is looking to the future and Jim Ratcliffe to the past. But to make their cars a reality they must overcome the auto industry’s high barriers to entry.,The New York Times
81,A Small Firm in Germany Has Big Ambitions in Green Energy,2017-10-17T09:00:29+0000,Consumers have spent about 190 billion euros on sources like wind and solar which account for about one-third of the country’s electric power.,International New York Times
82,Tesla’s Dangerous Sprint Into the Future,2017-11-07T07:03:40+0000,For Elon Musk’s company autonomous driving is just a pit stop on the road to a better planet. Can it survive long enough to get there?,The New York Times
83,A Tesla Too Pricey? E-Bikes Offer Entry-Level Electric Transportation,2017-11-23T22:00:56+0000,E-bikes already popular elsewhere are making inroads in the United States. But some models have drawn the scrutiny of lawmakers.,The New York Times
84,What Needs to Happen Before Electric Cars Take Over the World,2017-12-18T22:31:48+0000,Electric vehicles have only a tiny market share but the auto industry is betting billions that they will soon be as cheap as conventional cars.,The New York Times
85,Is Apple Slowing Down Old iPhones? Questions and Answers,2017-12-21T18:52:27+0000,Brian X. Chen the lead consumer technology writer for The New York Times discusses the latest Apple statement which has fueled controversy about planned obsolescence.,The New York Times
86,As Electric Cars’ Prospects Brighten Japan Fears Being Left Behind,2018-01-09T19:38:57+0000,The country which missed out on some earlier technological shifts is now scrambling to catch up as the world warms up to battery-powered vehicles.,The New York Times
87,Dr. Ronald Fieve 87 Dies; Pioneered Lithium to Treat Mood Swings,2018-01-12T23:52:46+0000,Dr. Fieve and a colleague identified lithium as the first naturally occurring medication to prevent and control a specific psychiatric disorder.,The New York Times
88,Want to Launch Yourself Off a 4-Meter Ramp Like a Freestyle-Skiing Olympian?,2018-01-30T05:24:48+0000,Follow these easy steps.,The New York Times
89,To Power the Future Carmakers Flip on 48-Volt Systems,2018-02-08T16:22:03+0000,New electrical architecture will help satisfy the demands of cars that are increasingly loaded with gadgets and will enable lower-cost hybrid drive systems.,The New York Times
90,Porsche Positions Itself Against Tesla on the Road and Beside It,2018-03-06T10:19:03+0000,Porsche’s Mission E models will compete with Tesla’s Model S and Model X but the German automaker isn’t focused just on high-performance vehicles. It’s getting into charging too.,The New York Times
91,Why Making North Korea Nuclear-Free Will Be So Hard,2018-03-09T21:21:38+0000,Only one nation has ever disbanded a full-fledged nuclear weapons program. Pyongyang’s big program will be much more difficult to dismantle.,The New York Times
92,Kelp Farms and Mammoth Windmills Are Just Two of the Government’s Long-Shot Energy Bets,2018-03-16T13:00:07+0000,Thousands of entrepreneurs gathered near Washington this week for an annual government conference. On the agenda: unusual solutions to major clean-energy problems.,The New York Times
93,Porsche Mission E Cross Turismo Review: ‘Silence Is the New Power’,2018-06-06T07:01:07+0000,Even leashed by software nannies the electric vehicle concept offers an enticing preview of how Porsche will challenge Tesla.,The New York Times
94,The Tech You Need to Travel Better,2018-06-27T09:00:06+0000,While no product can guarantee a seat upgrade or make your delayed flight arrive on time a few smart investments can make your next trip more comfortable more relaxing and less stressful.,The New York Times
95,How to Safely Charge and Store Lithium Drone Batteries,2018-07-13T00:00:00+0000,Although flying a drone might sound like the biggest risk in operating one dealing with the batteries is potentially more explosive. At the 100 hospital emergency rooms that report electronics-related injury cases to the US Consumer Product Safet...,Wirecutter
96,The $3 Billion Plan to Turn Hoover Dam Into a Giant Battery,2018-07-24T09:00:05+0000,Engineers want to turn the dam into a vast reservoir of excess electricity from the solar farms and wind turbines that represent the power sources of the future.,The New York Times
97,Losing Earth: The Decade We Almost Stopped Climate Change,2018-08-01T04:47:33+0000,We knew everything we needed to know and nothing stood in our way. Nothing that is except ourselves. A tragedy in two acts.,The New York Times
98,Jaguar’s Electric E-Type Marries ’60s Sex Appeal and Tomorrow’s Tech,2018-09-06T18:18:04+0000,Not content to merely revive E-Types to their former glory Jaguar will retrofit them as fully electric machines but it will be costly: $375000 or more if you don’t supply the car.,The New York Times
99,Cheaper Battery Is Unveiled as a Step to a Carbon-Free Grid,2018-09-26T12:00:05+0000,The entrepreneur Patrick Soon-Shiong says his company’s tests of zinc-based storage for solar and wind energy show the potential for large-scale use.,The New York Times
100,How Zinc Batteries Could Change Energy Storage,2018-09-26T17:33:28+0000,Making the batteries rechargeable and lowering their cost are seen as important advances in enabling the electric grid to depend on power from renewable sources. ,The New York Times
101,The Sun Sets. The Wind Dies. But Energy Data Is Relentless.,2018-09-26T18:51:11+0000,Alternative power sources have upended the electric grid. Ivan Penn who covers the beat discusses the changes and how he keeps track of them.,The New York Times
102,Brett Kavanaugh Slovakia Elon Musk: Your Friday Briefing,2018-09-28T04:04:06+0000,Here’s what you need to know to start your day.,The New York Times
103,America’s Military-Industrial Base Is at Risk,2018-10-04T23:39:36+0000,And here’s what the White House is going to do about it. ,The New York Times
104,Police Body Camera Bursts Into Flames; New York Pulls 2990 From Use,2018-10-21T20:17:05+0000,The camera worn by a Staten Island officer exploded during an overnight shift prompting concern over the stability of its lithium-ion battery.,The New York Times
105,The Wheels on These Buses Go Round and Round With Zero Emissions,2018-11-12T10:00:08+0000,Some states concerned about pollution and global warming see school buses as the next frontier for electric vehicles. Prices are high but that's starting to change.,The New York Times
106,Gatwick Airport Shut Down by ‘Deliberate’ Drone Incursions,2018-12-20T08:11:11+0000,The closure which affected tens of thousands of travelers shows how vulnerable airports have become to devices readily available in hobbyist shops.,The New York Times
107,Supercars That Will Still Put a Big Dent in Your Wallet but Not Drain It,2019-02-14T12:00:05+0000,A car more super than the Lamborghini you once pinned to your wall can be had for half of what that Countach cost — obviously not cheap but down from the stratosphere.,The New York Times
108,One Thing You Can Do: Keep Your Old Gadgets Out of the Trash,2019-04-03T16:27:24+0000,Also this week: How it felt to climb a 28-story ladder in pursuit of news. Our reporter was he said “a mess.”,The New York Times
109,Tesla to Investigate Car That Appeared to Burst Into Flames in Shanghai,2019-04-22T12:55:14+0000,The fire involving a Tesla sedan in a parking garage left no one injured the fire department said. The automaker said it had dispatched a team “at once.”,The New York Times
110,Elon Musk Predicts Tesla Driverless Taxi Fleet Next Year,2019-04-22T23:41:59+0000,Mr. Musk said Tesla cars would soon drive themselves and serve as robot taxis. But many experts think autonomous cars are at least several years away.,The New York Times
111,Electronic Marvels Turn Into Dangerous Trash in East Africa,2019-05-12T09:00:11+0000,Companies seek solutions to the unintended consequences of rising wealth that allows for more electronics — and the e-waste that inevitably comes next.,The New York Times
112,Toys Phones and Sneakers: The Chinese Goods Trump Wants to Tax Next,2019-05-13T23:06:43+0000,An escalation of the president’s trade war with China is poised to hit every conceivable consumer product and then some.,The New York Times
113,As Coal Fades in the U.S. Natural Gas Becomes the Climate Battleground,2019-06-26T09:00:10+0000,Utilities are facing a choice: embrace natural gas or shift more aggressively to renewable power? The decision will have a major climate impact.,The New York Times
114,Electric Chargers for the Home Garage,2019-07-11T07:00:07+0000,While additional high-tech roadside charging facilities will make electric driving more practical convenient home equipment sways many to go electric.,The New York Times
115,How to Travel With a Drone,2019-08-13T09:00:11+0000,In the pursuit of epic photos and videos don’t risk fines or getting your drone confiscated.,The New York Times
116,Inside India’s Messy Electric Vehicle Revolution,2019-08-22T09:00:25+0000,A million electric rickshaws sprang up out of nowhere and are now being used by 60 million people a day. The government and vehicle makers are struggling to catch up.,The New York Times
117,Soap Detergent and Even Laxatives Could Turbocharge a Battery Alternative,2019-08-22T15:36:53+0000,Researchers are trying to develop options to lithium-ion and other batteries in a quest for quick bursts of power and extended energy storage.,The New York Times
118,Japan and South Korea Feud but Breaking Up Is Hard,2019-08-28T16:42:57+0000,Tokyo put new trade limits on Seoul and South Korean shoppers are spurning Japanese goods but the ties between the two U.S. allies may be hard to unwind.,The New York Times
119,With a $2 Billion Factory From China a German City Lets Others Worry,2019-09-03T03:00:21+0000,Arnstadt’s embrace of a giant new battery plant for electric cars illustrates Europe’s ambivalence toward Chinese investment: Jobs trump geopolitics.,The New York Times
120,Earth Must Intervene in Space Company Towns,2019-09-09T15:00:05+0000,In the Asteroid Belt exploited miners are working in dangerous conditions.,The New York Times
121,The Concept Cars Gleam but Executive Dread Clouds the Frankfurt Auto Show,2019-09-13T19:59:34+0000,Trade war technology shifts and a global downturn are putting “unprecedented” pressure on automakers. Sustainability is now about survival.,The New York Times
122,Lithium-Ion Batteries Work Earns Nobel Prize in Chemistry for 3 Scientists,2019-10-09T09:50:48+0000,John B. Goodenough M. Stanley Whittingham and Akira Yoshino were recognized for research that has “laid the foundation of a wireless fossil fuel-free society.”,The New York Times
123,Tesla Batteries Investigated for Possible Defects,2019-11-02T01:28:00+0000,The National Highway Traffic Safety Administration is looking into why a number of Tesla vehicles have spontaneously burst into flames.,The New York Times
124,Want the Greenest Device? You May Already Own It,2019-11-20T14:00:10+0000,One way to help the planet is not to buy new tech especially stuff the planet never needed says Kendra Pierre-Louis who reports on the environment.,The New York Times
125,G.M. Venture to Create Ohio Battery Plant and 1100 Jobs,2019-12-05T11:30:10+0000,A deal with LG Chem of South Korea will further the automaker’s plans for electric vehicles and fulfill a pledge made after its Lordstown plant was idled.,The New York Times
126,Knockoff Dyson Vacuum Batteries Are Cheap but They Aren’t Worth the Risk,2020-02-19T00:00:00+0000,If you’re looking to replace the battery pack on your Dyson cordless vacuum we think your best bet is to skip the knockoff packs you can find on Amazon or AliExpress and stick with the genuine Dyson packs—as painfully expensive as they are. We h...,Wirecutter
127,How Our Readers Made Wirecutter Better in April 2020,2020-05-07T00:00:00+0000,It’s been a long month but your comments tweets and emails helped us make it through. From tracking down stock shortages and deals to sharing pro tips and performance feedback on stuff we recommend you’ve been helping us—and each other—every s...,Wirecutter
128,New Breed of Pickups Mixes Horsepower and Battery Power,2020-05-07T10:00:10+0000,Electric Hummers and Cybertrucks as well as the next generation of S.U.V.s will signal the arrival of the E.V. era in America if they start to sell in big numbers.,The New York Times
129,Design Fiction: Real Solutions Unreal Problems,2020-05-29T14:00:15+0000,“Lithopy” a social satire and other futuristic works mark a new direction for digital storytelling.,The New York Times
130,Astronauts Dock With Space Station After Historic SpaceX Launch,2020-05-31T04:24:37+0000,Bob Behnken and Doug Hurley could stay in orbit for months to aid the station’s short-staffed crew.,The New York Times
131,The Next Energy Battle: Renewables vs. Natural Gas,2020-07-06T09:00:25+0000,As coal declines and wind and solar energy rise some are pushing to limit the use of natural gas but utilities say they are not ready to do so.,The New York Times
132,How to Buy Tech That Lasts and Lasts,2020-07-08T14:00:30+0000,All of our tech products will one day become obsolete but here are some strategies to buying gadgets that you can enjoy for many years.,The New York Times
133,U.S. Companies Vie for Funds in Race to Build Rare Earths Industry,2020-08-14T21:29:22+0000,The Trump administration is encouraging development of a domestic industry to produce critical metals now dominated by Chinese companies but few players show clear long-term promise.,The New York Times
134,After 3 Deaths Revel Resumes N.Y.C. Moped Service With Stricter Rules,2020-08-26T23:10:09+0000,The shared moped company is returning to New York City its biggest market and will now be quizzing riders and requiring helmet selfies.,The New York Times
135,The Age of Electric Cars Is Dawning Ahead of Schedule,2020-09-20T18:31:16+0000,Battery prices are dropping faster than expected. Analysts are moving up projections of when an electric vehicle won’t need government incentives to be cheaper than a gasoline model.,The New York Times
136,Are Astronaut-Style Face Shields the Future of P.P.E.?,2020-10-05T09:00:06+0000,They may look high-tech but so far there’s no evidence these devices are more effective than face masks.,The New York Times
137,How Green Is That Electric Car? And When It Hits 100 M.P.H.?,2020-10-15T10:00:07+0000,The Tesla Model S and the Porsche Taycan give environmentally conscious speedsters an outlet for their desires.,The New York Times
138,How Does Your State Make Electricity?,2020-10-28T07:02:20+0000,America isn’t making electricity the way it did two decades ago. Now the future of the nation’s energy mix has become a major election issue.,The New York Times
139,California Is Trying to Jump-Start the Hydrogen Economy,2020-11-11T10:00:32+0000,The fuel could play an important role in fighting climate change but it has been slow to gain traction because of high costs.,The New York Times
140,In Last Rush Trump Grants Mining and Energy Firms Access to Public Lands,2020-12-19T14:25:18+0000,The outgoing administration is pushing through approval of corporate projects over the opposition of environmental groups and tribal communities.,The New York Times
141,The Gospel of Hydrogen Power,2020-12-28T10:00:24+0000,Mike Strizki powers his house and cars with hydrogen he home-brews. He is using his retirement to evangelize for the planet-saving advantages of hydrogen batteries.,The New York Times
142,Small Number of Covid Patients Develop Severe Psychotic Symptoms,2020-12-28T17:03:54+0000,Most had no history of mental illness and became psychotic weeks after contracting the virus. Cases are expected to remain rare but are being reported worldwide.,The New York Times
143,It’s a New Year in the Garden Too: Time for Some Resolutions,2021-01-06T11:00:08+0000,In advance of the growing season it’s helpful for gardeners to acknowledge what went wrong in the previous year and figure out what to do instead.,The New York Times
144,Catch a Fish in Paris. Post on Social Media. Release.,2021-01-11T05:01:11+0000,A new younger generation of fishers is taking over the banks of the Seine transforming a centuries-old tradition into an underground culture.,The New York Times
145,How Sustainable Is the Rally in Renewable Energy Stocks?,2021-01-14T18:00:07+0000,Solar and wind power companies have soared in value. Are they in a bubble or in a virtuous upward cycle?,The New York Times
146,G.M.’s Electric Car Push Could Put China in the Driver’s Seat,2021-01-29T17:15:15+0000,With government support and lavish subsidies Chinese companies have come to dominate the market for batteries motors and other essentials Detroit may need for its new fleets.,The New York Times
147,G.M.’s Profits From Trucks and S.U.V.s Fuel Its Electric Quest,2021-02-10T13:31:57+0000,The automaker earned more than $6 billion last year — money that it will plow into the development of electric and autonomous vehicles.,The New York Times
148,Electric Cars Cool. But When?,2021-02-12T17:52:05+0000,What we need to get to a future of energy-efficient cars.,The New York Times
149,The Auto Industry Bets Its Future on Batteries,2021-02-16T10:00:15+0000,Carmakers government agencies and investors are pouring money into battery research in a global race to profit from emission-free electric cars.,The New York Times
150,How Green Are Electric Vehicles?,2021-03-02T19:30:01+0000,In short: Very green. But plug-in cars still have environmental effects. Here’s a guide to the main issues and how they might be addressed.,The New York Times
151,Electric Cars Are Coming. How Long Until They Rule the Road?,2021-03-11T03:26:13+0000,A new car sold today can last a decade or two before retiring. This “fleet turnover” poses a major challenge for climate policy.,The New York Times
152,It Looks Like a Vespa Rides Like a Vespa but Doesn’t Smell Like a Vespa,2021-04-01T10:00:11+0000,An Irish mechanic in London has developed a kit to transform classic Italian scooters into clean-riding electric machines.,The New York Times
153,The Robots Are Coming … to Mow Your Lawn,2021-04-06T09:00:20+0000,Gas-power yard equipment spews noise and pollutants. Newer models using batteries or electricity are quieter and greener and might even manage themselves.,The New York Times
154,The Lithium Gold Rush: Inside the Race to Power Electric Vehicles,2021-05-06T14:25:54+0000,A race is on to produce lithium in the United States but competing projects are taking very different approaches to extracting the vital raw material. Some might not be very green.,The New York Times
155,The electric-vehicle race is creating a gold rush for lithium raising environmental concerns.,2021-05-07T09:48:47+0000,,The New York Times
156,Biden Administration Moves to Fix Supply Chain Bottlenecks,2021-06-08T09:00:21+0000,A swath of recommendations calls for more investments new supply chains and less reliance on other countries for crucial goods.,The New York Times
157,Shell Gets Greener Even as Climate Advocates Say ‘Go Faster’,2021-06-18T09:00:31+0000,Royal Dutch Shell though still reliant on profits from fossil fuels is investing more in renewable energy. Critics say the changes have to come quicker.,The New York Times
158,Why Geology Is Our Destiny,2021-06-22T06:30:14+0000,A visit to the renovated hall of gems and minerals at the American Museum of Natural History reveals how the cosmos works in the real world.,The New York Times
159,Has the Carbontech Revolution Begun?,2021-06-23T09:00:28+0000,Science can now pull carbon out of the air. For that to make a difference though businesses need to find profitable places to put it.,The New York Times
160,How America Can Unleash the Untapped Power of Its Regions,2021-07-14T09:00:11+0000,There's a way to  connect Washington to local needs and capabilities across the country. ,The New York Times
161,Energy Department Targets Vastly Cheaper Batteries to Clean Up the Grid,2021-07-14T11:00:10+0000,The Biden administration's push for more wind and solar power poses big challenges. New types of energy storage could help — but only if they get much cheaper.,The New York Times
162,The Energy Department aims for cheaper batteries to make clean energy more viable.,2021-07-14T12:40:42+0000,,The New York Times
163,Can Silicon Valley Find God?,2021-07-16T09:00:04+0000,Artificial intelligence promises to remake the world. These believers are fighting to make sure thousands of years of text and tradition find a place among the algorithms.,The New York Times
164,A Renewal for IBM Campuses Once Home to Punch Cards and Circuit Boards,2021-07-20T13:00:17+0000,When Big Blue left upstate New York economic pain ensued. But the large complexes left behind are ideally suited for large-scale production and shipping local officials say.,The New York Times
165,Toyota Led on Clean Cars. Now Critics Say It Works to Delay Them.,2021-07-25T23:29:33+0000,The auto giant bet on hydrogen power but as the world moves toward electric the company is fighting climate regulations in an apparent effort to buy time.,The New York Times
166,The Mighty Pickup Slims Down,2021-09-08T07:00:09+0000,Small trucks from Ford and Hyundai are joining a growing field of electric models as America’s go-to vehicle adapts to an evolving market.,The New York Times
167,Your Batteries Are Due for Disruption,2021-09-08T16:00:11+0000,This week a more efficient type of battery arrives in a wristband fitness tracker. It could soon reach smart glasses cars and even aircraft.,The New York Times
168,Building a More Sustainable Car From Headlamp to Tailpipe,2021-09-09T10:00:11+0000,Vehicle makers shy away from traditional materials that are hard to recycle like leather and plastics and look to repurpose alternatives that still convey quality.,The New York Times
169,Fears of a ‘bottleneck recession’: How shortages are hurting Germany.,2021-10-05T10:44:41+0000,,The New York Times
170,Tesla’s quarterly profit nearly quintuples to $1.6 billion as car sales surge.,2021-10-20T20:09:33+0000,The automaker also reported a big jump in revenue to $13.8 billion from $8.8 billion a year ago as sales of the Model Y continue to rise.,The New York Times
171,In Australia It’s ‘Long Live King Coal’,2021-10-21T09:00:30+0000,The country has fallen behind other developed nations in its commitment to slashing carbon emissions. Neither fires nor international pressure has pushed it away from coal and other fossil fuels.,The New York Times
172,Climate Change Poses a Widening Threat to National Security,2021-10-21T15:41:30+0000,Intelligence and defense agencies issued reports warning that the warming planet will increase strife between countries and spur migration.,The New York Times
173,How Can the Watch Industry Be Greener?,2021-11-01T09:15:13+0000,Ten observers offer their recommendations from limiting promotional travel to downsizing those lavish presentation boxes.,International New York Times
174,The Popularity of E-Bikes Isn’t Slowing Down,2021-11-08T10:00:11+0000,Motorized bicycles are outselling all-electric cars and have the potential to transform urban transit.,The New York Times
175,6 Automakers and 30 Countries Say They’ll Phase Out Gasoline Car Sales,2021-11-10T00:15:25+0000,Ford G.M. and Mercedes agreed to work toward selling only zero-emissions vehicles by 2040. But Toyota Volkswagen and Nissan-Renault did not join the pledge.,The New York Times
176,America Isn’t Ready for the Electric-Vehicle Revolution,2021-11-10T21:08:31+0000,Its battery supply chain runs through China and that’s not changing any time soon.,The New York Times
177,Can Hydrogen Save Aviation’s Fuel Challenges? It’s Got a Way to Go.,2021-11-15T10:00:13+0000,Small experimental hydrogen-powered planes are paving the way for net-zero carbon aviation by 2050. But the route is rocky.,The New York Times
178,How Are Electric Vehicle Batteries Made?,2021-11-20T10:00:01+0000,The worldwide shift to electric vehicles is critical in the fight against climate change. Here's how the most important part of these cars is made.,The New York Times
179,A Power Struggle Over Cobalt Rattles the Clean Energy Revolution,2021-11-20T10:00:27+0000,The quest for Congo’s cobalt which is vital for electric vehicles and the worldwide push against climate change is caught in an international cycle of exploitation greed and gamesmanship.,The New York Times
180,How the U.S. Lost Ground to China in the Contest for Clean Energy,2021-11-21T10:00:20+0000,Americans failed to safeguard decades of diplomatic and financial investments in Congo where the world’s largest supply of cobalt is controlled by Chinese companies backed by Beijing.,The New York Times
181,On the Banks of the Furious Congo River a 5-Star Emporium of Ambition,2021-12-07T10:00:29+0000,As the clean energy revolution upends the centuries-long lock of fossil fuels on the global economy dealmakers and hustlers converge on the Fleuve Congo Hotel.,The New York Times
182,South Korea Has Long Wanted Nuclear Subs. A New Reactor Could Open a Door.,2021-12-13T10:00:17+0000,The country plans to build a small modular reactor for marine propulsion raising questions of whether it eventually intends to develop a nuclear submarine despite a U.S. treaty.,The New York Times
183,You Can Build an Ebike. Yes You.,2021-12-16T00:00:00+0000,Just like regular bikes electric bikes experienced a pandemic boom giving more people an alternative way of commuting picking up the kids or just getting outside. But you might already have a functioning bike and wonder if you need to invest i...,Wirecutter
184,Green-Energy Race Draws an American Underdog to Bolivia’s Lithium,2021-12-16T08:00:17+0000,Chinese and Russian industrial giants seek to tap mineral deposits vital to electric cars. A Texas entrepreneur has his own strategy: the long game.,The New York Times
185,Why a Chinese Company Dominates Electric Car Batteries,2021-12-22T08:00:16+0000,Beijing gave CATL lavish subsidies a captive market of buyers and soft regulatory treatment helping it to control a crucial technology of the future.,The New York Times
186,How China Makes Electric Car Batteries,2021-12-22T10:00:02+0000,Everyone knows the biggest winner from electric cars: Tesla. Few outside the auto industry know the other big winner: the battery maker CATL.,The New York Times
187,In Congo Bolivia and Beyond Where the Green Future Begins,2021-12-26T10:00:13+0000,The Times’s Race to the Future series is focused on the competition for electric-car resources that will shape the 21st century.,The New York Times
188,As Miners Chase Clean-Energy Minerals Tribes Fear a Repeat of the Past,2021-12-27T16:43:45+0000,Mining the minerals that may be needed for a green energy revolution could devastate tribal lands. The Biden administration will be forced to choose.,The New York Times
189,Chile Writes a New Constitution Confronting Climate Change Head On,2021-12-28T15:23:50+0000,Chile has lots of lithium which is essential to the world’s transition to green energy. But anger over powerful mining interests a water crisis and inequality has driven Chile to rethink how it defines itself.,The New York Times
190,Can a Tiny Territory in the South Pacific Power Tesla’s Ambitions?,2021-12-30T10:00:42+0000,Nickel is vital to electric car batteries but extracting it is dirty and destructive. A plant with a turbulent history in New Caledonia is about to become an experiment in doing it better.,The New York Times
191,Mining of Lithium Key to the Climate Fight Faces New Scrutiny in Chile,2022-01-06T12:50:25+0000,Politicians have called for a pause in new mining contracts for lithium which is in high demand for electric car batteries but is at the heart of a debate in Chile over mines water rights and inequality.,The New York Times
192,‘Miserable and Dangerous’: A Failed Chinese Promise in Serbia,2022-01-23T01:00:10+0000,Poor conditions for Vietnamese workers building a $900 million tire factory underscore a chasm between the promise of investment from China and grim realities on the ground.,The New York Times
193,Why This Could Be a Critical Year for Electric Cars,2022-02-08T08:00:13+0000,Booming in a depressed market battery-powered vehicles are a plus for the climate but pose a big threat to carmakers and parts suppliers that are slow to change.,The New York Times
194,The West’s Delusion of Energy Independence,2022-02-22T10:00:13+0000,America must secure the raw materials that a clean energy future requires. ,The New York Times
195,The Economic Stakes of the Ukraine Crisis,2022-02-22T13:06:29+0000,The global implications of the escalating conflict remain hard to figure.,The New York Times
196,The U.S. is planning to boost supply of minerals needed for electric vehicles.,2022-02-22T22:31:39+0000,The White House effort is part of a push to reduce America’s dependence on foreign products particularly those from China.,The New York Times
197,Ukraine and the Mirage of Energy Independence,2022-02-25T16:49:19+0000,Domestic oil and gas production in the U.S. boomed in recent years. But the country and its allies remain reluctant to impose sanctions on Russian energy that would damage their economies.,The New York Times
198,After Burning for Days a Ship Carrying Thousands of Luxury Cars Sinks,2022-03-01T17:40:05+0000,The ship the Felicity Ace was carrying about 4000 vehicles including Bentleys and Porsches when it caught fire on Feb. 16. On Tuesday morning it sank.,The New York Times
199,Fitbit recalls more than one million smart watches over a burn risk.,2022-03-02T12:00:06+0000,The company which is owned by Google received at least 174 reports of the battery in its Ionic smart watch overheating leading to 118 reported injuries.,The New York Times
200,Ford Splits Into Electric and Gas Divisions to Speed Up Transition,2022-03-02T12:05:56+0000,E.V. operations will focus on technology and growth while the traditional business continues to chase profits. “You can’t have people work on both at the same time” the chief executive said.,The New York Times
201,Before Invasion Ukraine’s Lithium Wealth Was Drawing Global Attention,2022-03-02T15:38:59+0000,Chinese and Australian investors had been lining up to explore for lithium a metal that is critical to batteries and the world’s transition to clean energy.,The New York Times
202,What Putin’s war could mean for fossil fuels,2022-03-04T17:23:52+0000,Also in this edition of the newsletter: A map that shows imperiled biodiversity in the lower 48 states.,The New York Times
203,Car Industry Woes Show How Global Conflicts Will Reshape Trade,2022-03-07T10:00:17+0000,The war in Ukraine has highlighted the risks of doing business with authoritarian countries — not just Russia but also China.,The New York Times
204,Carmakers Race to Control Next-Generation Battery Technology,2022-03-07T10:00:30+0000,The prize: batteries that would be cheaper faster to charge and less vulnerable to raw material shortages. Whoever gets there first will have a major advantage.,The New York Times
205,Rivian Pares Delivery Targets for 2022 Citing Supply Problems,2022-03-10T23:44:54+0000,The company said it expected to produce only 25000 electric vehicles this year adding a new cloud to its outlook only months after a hot I.P.O.,The New York Times
206,Frustrated With Utilities Some Californians Are Leaving the Grid,2022-03-13T21:02:51+0000,Citing more blackouts wildfires and higher electricity rates a growing number of homeowners are choosing to build homes that run entirely on solar panels and batteries.,The New York Times
207,How an Electric Truck Factory Became a Lightning Rod in Georgia,2022-03-14T14:00:54+0000,The governor hailed the factory as an economic boon that would put Georgia at the vanguard of the green economy. Not everyone liked the idea.,The New York Times
208,How the War in Ukraine Could Slow the Sales of Electric Cars,2022-03-18T07:00:11+0000,The price of nickel an essential ingredient in most batteries has soared because of fear that Russian supplies could be cut off.,The New York Times
209,Biden Invokes Cold War Statute to Boost Critical Mineral Supply,2022-03-31T18:01:40+0000,The action aims to enhance American production of crucial materials for electric vehicles defense systems and other technologies.,The New York Times
210,Stopping Climate Change Is Doable but Time Is Short U.N. Panel Warns,2022-04-04T15:00:16+0000,A major new scientific report offers a road map for how countries can limit global warming but warns that the margin for error is vanishingly small.,The New York Times
211,Koch Industries’ Bet on Batteries,2022-04-06T12:35:18+0000,The company is plugging $30 million into a start-up co-founded by one of Silicon Valley’s favorite scientists.,The New York Times
212,Hyundai’s Ioniq 5 Nods to Past While Pushing Toward E.V. Future,2022-04-07T09:00:29+0000,For now supply may be constrained but Hyundai is putting a big bet on building electrics for the American market.,The New York Times
213,Truck Makers Face a Tech Dilemma: Batteries or Hydrogen?,2022-04-11T09:00:19+0000,Under pressure to cut emissions truck manufacturers are choosing between batteries and hydrogen fuel cells. Wagering incorrectly could cost them billions of dollars.,The New York Times
214,Jim Farley Tries to Reinvent Ford and Catch Up to Elon Musk and Tesla,2022-04-18T07:00:10+0000,Ford’s chief executive is about to introduce an electric F-150 pickup truck that could determine whether the automaker can survive and thrive in an industry dominated by Tesla.,The New York Times
215,The Next Hurdle in Europe’s Energy Transition: Being More Enticing Than NFTs,2022-04-18T09:00:17+0000,Financing the next generation of green energy technologies means larger investments and getting venture capitalists to turn their attention away from “fast money.”,The New York Times
216,Tesla’s profits jumped in the first quarter but challenges loom.,2022-04-20T20:34:10+0000,The electric carmaker had to close an important factory in Shanghai because of China’s efforts to stamp out a coronavirus outbreak.,The New York Times
217,Biden Administration Begins $3 Billion Plan for Electric Car Batteries,2022-05-02T14:07:19+0000,The Biden administration is planning a major shift to electric vehicles but experts say it requires a secure resilient supply of critical minerals.,The New York Times
218,Who Will Profit From Saving Scotland’s Bogs?,2022-05-05T09:00:02+0000,Repairing the country’s extensive peatlands could help the world mitigate climate change. It could also make a fast-fashion billionaire even richer.,The New York Times
219,Hurdle to Broad Adoption of E.V.s: The Misperception They’re Unsafe,2022-05-05T10:00:08+0000,Fully electric vehicles have fewer fires than gasoline-powered and hybrid cars and their crash protection is at least equivalent.,The New York Times
220,What Students Are Saying About Responsibility Bad Behavior in Youth Sports and Electric Cars,2022-05-05T19:28:52+0000,Teenage comments in response to our recent writing prompts and an invitation to join the ongoing conversation.,The New York Times
221,We Can’t Drill Our Way to Energy Security,2022-05-14T09:00:07+0000,Investing in clean energy efficiency and electrification is the only path to get us there.,The New York Times
222,Stocks Have Been Falling. I’m Still Buying Steadily.,2022-05-19T16:06:14+0000,Is this is a good time to buy stocks readers ask? Yes our columnist says but only if you can handle further losses and don’t try to outsmart the market.,The New York Times
223,An Artist Comfortable in Any Medium Even Lithium,2022-06-03T15:00:08+0000,Lydia Ourahmane creates sprawling installations that challenge geopolitical borders.,The New York Times
224,Red Flags for Forced Labor Found in China’s Car Battery Supply Chain,2022-06-20T09:00:23+0000,Ties to potentially coercive labor practices could prove a problem for an industry that is heavily dependent on China once a new law barring Xinjiang products goes into effect.,The New York Times
225,More Than 400000 Solar-Powered Umbrellas Recalled Over Fire Risk,2022-06-26T18:34:02+0000,The U.S. Consumer Product Safety Commission recalled the umbrellas which were sold at Costco because of the risk of lithium-ion batteries overheating.,The New York Times
