headline,date,stock
EnerSys Announces Changes to its Board of Directors,2020-05-27 00:00:00,ENS
UPDATE - EnerSys Announces Dates for Fourth Quarter Fiscal —…—… Results and Investor ...,2020-05-26 00:00:00,ENS
EnerSys Announces Quarterly Dividend,2020-05-21 00:00:00,ENS
A Trio of Potential Opportunities for the Value Investor,2020-05-21 00:00:00,ENS
"Congress Park Capital LLC Buys Blackrock Muniyield Fund Inc, Apple Inc, EnerSys, Sells The Walt ...",2020-05-04 00:00:00,ENS
Enersys Gains From Solid Demand & Buyouts Amid Cost Woes,2020-03-23 00:00:00,ENS
Why Is EnerSys (ENS) Down 13.2% Since Last Earnings Report?,2020-03-06 00:00:00,ENS
Should Value Investors Pick EnerSys (ENS) Stock Right Now?,2020-02-25 00:00:00,ENS
"Wcm Investment Management Buys Lululemon Athletica Inc, Intercontinental Exchange Inc, Church ...",2020-02-24 00:00:00,ENS
"Enersys (ENS) Displays Bright Prospects, Headwinds Persist",2020-02-20 00:00:00,ENS
"Re Advisers Corp Buys McDonald's Corp, iShares Russell –……… Value, Anheuser-Busch InBev ...",2020-02-14 00:00:00,ENS
Enersys Hits 80-Plus Relative Strength Rating Benchmark,2020-02-12 00:00:00,ENS
"Great Lakes Advisors, Llc Buys Comcast Corp, Nordstrom Inc, EnerSys, Sells Mohawk Industries ...",2020-02-07 00:00:00,ENS
"Wcm Investment Management Buys Lululemon Athletica Inc, Intercontinental Exchange Inc, Church ...",2020-02-07 00:00:00,ENS
"EnerSys (ENS) Lags Q3 Earnings Estimates, Declares Dividend",2020-02-06 00:00:00,ENS
EnerSys Announces Quarterly Dividend,2020-02-05 00:00:00,ENS
EnerSys (ENS) Misses Q3 Earnings and Revenue Estimates,2020-02-05 00:00:00,ENS
Near-Term Outlook Dull for Manufacturing Electronics Stocks,2020-02-05 00:00:00,ENS
"Capital Management Corp Buys Service Properties Trust, InterDigital Inc, B&G Foods Inc, ...",2020-02-03 00:00:00,ENS
Analysts Estimate EnerSys (ENS) to Report a Decline in Earnings: What to Look Out for,2020-01-29 00:00:00,ENS
EnerSys Announces Third Quarter Fiscal —…—… Results Conference Call,2020-01-15 00:00:00,ENS
Stocks Flashing Renewed Technical Strength: Enersys,2019-12-19 00:00:00,ENS
Enersys Trying To Close In On Key Technical Measure,2019-12-13 00:00:00,ENS
EnerSys Completes Offering of $300M Senior Notes Due 2027,2019-12-12 00:00:00,ENS
EnerSys Announces Closing of Private Offering of $'…… Million Aggregate Principal Amount ...,2019-12-11 00:00:00,ENS
Why Is EnerSys (ENS) Up 1.6% Since Last Earnings Report?,2019-12-06 00:00:00,ENS
"EnerSys to Offer Senior Notes, Use Proceeds For Debt Repayment",2019-12-06 00:00:00,ENS
EnerSys proposed private offering of $300M of senior notes due 2027,2019-12-05 00:00:00,ENS
EnerSys Announces Proposed Private Offering of $'…… Million Aggregate Principal Amount of ...,2019-12-05 00:00:00,ENS
Stock Upgrades: Enersys Shows Rising Relative Strength,2019-12-04 00:00:00,ENS
"Enersys (ENS) Displays Bright Prospects, Headwinds Persist",2019-11-26 00:00:00,ENS
Enersys Trying To Close In On Key Technical Measure,2019-11-25 00:00:00,ENS
"Vulcan Value Partners, LLC Buys Brookfield Asset Management Inc, Anthem Inc, Oracle Corp, Sells ...",2019-11-14 00:00:00,ENS
"New South Capital Management Inc Buys EnerSys, WW International Inc, iShares Russell ...",2019-11-08 00:00:00,ENS
EnerSys (ENS) CEO David Shaffer on Q2 2020 Results - Earnings Call Transcript,2019-11-07 00:00:00,ENS
EnerSys 2020 Q2 - Results - Earnings Call Presentation,2019-11-07 00:00:00,ENS
"Barrett Asset Management, LLC Buys EnerSys, Progressive Corp, SPDR Barclays Short Term Treasury ...",2019-11-07 00:00:00,ENS
"EnerSys (ENS) Q2 Earnings & Revenues Top Estimates, Up Y/Y",2019-11-07 00:00:00,ENS
EnerSys (ENS) Surpasses Q2 Earnings and Revenue Estimates,2019-11-06 00:00:00,ENS
EnerSys Announces Quarterly Dividend,2019-11-06 00:00:00,ENS
EnerSys declares $0.175 dividend,2019-11-06 00:00:00,ENS
"EnerSys EPS beats by $0.04, beats on revenue",2019-11-06 00:00:00,ENS
EnerSys Q2 2020 Earnings Preview,2019-11-05 00:00:00,ENS
"Eaton's (ETN) Q3 Earnings Beat, Revenues Miss, View Cut",2019-10-29 00:00:00,ENS
EnerSys Announces Second Quarter Fiscal —…—… Results Conference Call,2019-10-16 00:00:00,ENS
"Roubaix Capital, LLC Buys EnerSys, Parsons Corp, Bazaarvoice Inc, Sells Americold Realty Trust, ...",2019-10-08 00:00:00,ENS
Nuverra Environmental leads industrial gainers; Charah Solutions only loser,2019-09-20 00:00:00,ENS
EnerSys (ENS) Investor Presentation - Slideshow,2019-09-20 00:00:00,ENS
"EnerSys (ENS) Acquires NorthStar, Boosts TPPL Product Line",2019-09-20 00:00:00,ENS
EnerSys to buy NorthStar Battery; reports fire at Kentucky facility,2019-09-19 00:00:00,ENS
Why Is EnerSys (ENS) Up 1.1% Since Last Earnings Report?,2019-09-06 00:00:00,ENS
Enersys Suffers From High Costs & ERP implementation Issues,2019-08-19 00:00:00,ENS
EnerSys (ENS) CEO David Shaffer on Q1 2020 Results - Earnings Call Transcript,2019-08-12 00:00:00,ENS
EnerSys 2020 Q1 - Results - Earnings Call Slides,2019-08-08 00:00:00,ENS
Caesarstone and Forterra among industrial gainers; Rayonier and The Goldfield among losers,2019-08-08 00:00:00,ENS
EnerSys (ENS) Lags Q1 Earnings and Revenue Estimates,2019-08-07 00:00:00,ENS
EnerSys declares $0.175 dividend,2019-08-07 00:00:00,ENS
"EnerSys EPS misses by $0.02, misses on revenue",2019-08-07 00:00:00,ENS
"EnerSys EPS misses by $0.02, misses on revenue",2019-08-07 00:00:00,ENS
"Mondrian Investment Partners LTD Buys PepsiCo Inc, Duke Energy Corp, Dominion Energy Inc, Sells ...",2019-08-07 00:00:00,ENS
EnerSys (ENS) Reports Next Week: Wall Street Expects Earnings Growth,2019-07-31 00:00:00,ENS
"Eaton's (ETN) Q2 Earnings Beat Estimates, Revenues Miss",2019-07-30 00:00:00,ENS
"AZZ Q1 Earnings & Revenues Beat Estimates, Bookings Down Y/Y",2019-07-10 00:00:00,ENS
LIT: Oversupply Concerns Continue To Weigh On Lithium Market Sentiment,2019-07-10 00:00:00,ENS
Enersys (ENS) to Increase Thin Plate Pure Lead Capacity,2019-06-12 00:00:00,ENS
New Strong Sell Stocks for June 12th,2019-06-12 00:00:00,ENS
EnerSys (ENS) Investor Presentation - Slideshow,2019-06-06 00:00:00,ENS
Here's Why You Should Steer Clear of Enersys (ENS) Right Now,2019-06-06 00:00:00,ENS
EnerSys (ENS) CEO David Shaffer on Q4 2019 Results - Earnings Call Transcript,2019-05-30 00:00:00,ENS
More on EnerSys Q4 results,2019-05-30 00:00:00,ENS
EnerSys 2019 Q4 - Results - Earnings Call Slides,2019-05-30 00:00:00,ENS
"EnerSys (ENS) Q4 Earnings Surpass Estimates, Revenues Miss",2019-05-30 00:00:00,ENS
"EnerSys EPS in-line, misses on revenue",2019-05-29 00:00:00,ENS
"Enersys: Watch Out For The Earnings And Debt, All The Rest Seems Good",2019-05-22 00:00:00,ENS
EnerSys Announces Preliminary Q4 Results & Quarterly Dividend,2019-05-17 00:00:00,ENS
Near-Term View for Manufacturing Electronics Industry Bleak,2019-05-17 00:00:00,ENS
Enersys guides Q1 earnings below consensus on soft wireline business,2019-05-17 00:00:00,ENS
"EnerSys beats by $0.02, misses on revenue",2019-05-16 00:00:00,ENS
EnerSys declares $0.175 dividend,2019-05-16 00:00:00,ENS
"Enersys (ENS) Displays Bright Prospects, Headwinds Persist",2019-05-10 00:00:00,ENS
"Eaton (ETN) Q1 Earnings Beat Estimates, 2019 Guidance Up",2019-04-30 00:00:00,ENS
"Foundry Partners, LLC Buys Philip Morris International Inc, GlaxoSmithKline PLC, Piedmont ...",2019-04-22 00:00:00,ENS
Global X Lithium & Battery Tech ETF: Why This ETF Is A Buy-And-Hold,2019-04-07 00:00:00,ENS
Why Is EnerSys (ENS) Down 11.8% Since Last Earnings Report?,2019-03-08 00:00:00,ENS
"Lincoln Electric (LECO) Earnings Top, Revenues Lag in Q4",2019-02-15 00:00:00,ENS
"Deere (DE) Earnings Miss, Revenues Beat Estimates in Q1",2019-02-15 00:00:00,ENS
Here's Why You Should Hold on to EnerSys (ENS) Stock Now,2019-02-13 00:00:00,ENS
Silgan Rides on Dispensing Systems Buyout Amid Inflation,2019-02-11 00:00:00,ENS
Manitowoc (MTW) Beats on Q4 Earnings & Revenue Estimates,2019-02-08 00:00:00,ENS
EnerSys (ENS) CEO David Shaffer on Q3 2019 Results - Earnings Call Transcript,2019-02-07 00:00:00,ENS
"CMG, HBI, SGMO and PRLB among notable midday movers",2019-02-07 00:00:00,ENS
EnerSys slips ~17% on Q3 earnings miss,2019-02-07 00:00:00,ENS
"EnerSys (ENS) Q3 Earnings Lag Estimates, Margins Drop Y/Y",2019-02-07 00:00:00,ENS
"The Zacks Analyst Blog Highlights: Pioneer Power, Titan, Colfax, Dover and EnerSys",2019-02-07 00:00:00,ENS
"Sealed Air (SEE) Q4 Earnings & Revenue Top Estimates, Up Y/Y",2019-02-07 00:00:00,ENS
"Crown Holdings (CCK) Q4 Earnings Match, Sales Lag Estimates",2019-02-07 00:00:00,ENS
EnerSys 2019 Q3 - Results - Earnings Call Slides,2019-02-07 00:00:00,ENS
EnerSys declares $0.175 dividend,2019-02-06 00:00:00,ENS
"EnerSys misses by $0.08, misses on revenue",2019-02-06 00:00:00,ENS
"Energizer (ENR) Beats on Q1 Earnings, Updates FY19 View",2019-02-06 00:00:00,ENS
ENS or EMR: Which Is the Better Value Stock Right Now?,2019-02-06 00:00:00,ENS
AGCO Corp (AGCO) Tops Earnings & Revenue Estimates in Q4,2019-02-06 00:00:00,ENS
US Manufacturing Remains Strong in January: 5 Top Picks,2019-02-06 00:00:00,ENS
"Emerson (EMR) Q1 Earnings Beat, Revenues Miss Estimates",2019-02-05 00:00:00,ENS
"Bemis (BMS) Earnings In Line, Sales Beat Estimates in Q4",2019-02-01 00:00:00,ENS
"The Zacks Analyst Blog Highlights: Jabil, Fabrinet, Intrepid Potash, EnerSys and Sealed Air",2019-02-01 00:00:00,ENS
Eaton (ETN) Q4 Earnings Top Estimates on Higher Organic Sales,2019-01-31 00:00:00,ENS
"Silgan Holdings (SLGN) Q4 Earnings, Revenues Top Estimates",2019-01-30 00:00:00,ENS
Analysts Estimate EnerSys (ENS) to Report a Decline in Earnings: What to Look Out for,2019-01-30 00:00:00,ENS
"Avery Dennison (AVY) Q4 Earnings Beat, Sales Lag Estimates",2019-01-30 00:00:00,ENS
Optimism Rises Ahead of US-China Trade Talks: 6 Gainers,2019-01-30 00:00:00,ENS
Dover (DOV) Earnings and Revenues Trump Estimates in Q4,2019-01-29 00:00:00,ENS
"Rockwell Automation (ROK) Q1 Earnings, Revenues Top Estimates",2019-01-29 00:00:00,ENS
"Grainger (GWW) Beats Q4 Earnings, Misses Sales Estimates",2019-01-24 00:00:00,ENS
"Weak Agricultural Markets, Higher Costs to Weigh on Lindsay",2019-01-23 00:00:00,ENS
Here's Why Investors Should Hold Ball Corporation (BLL) Stock,2019-01-17 00:00:00,ENS
EnerSys Announces Third Quarter Fiscal —…–9 Results Conference Call,2019-01-16 00:00:00,ENS
Rising Demand & Cost Reduction to Drive Milacron's Results,2019-01-15 00:00:00,ENS
Emerson (EMR) Introduces ProAct Connect+ Software Suite,2019-01-11 00:00:00,ENS
Manitowoc (MTW) Down 63% in 2018: Can It Rebound This Year?,2019-01-10 00:00:00,ENS
"AZZ Q3 Earnings & Revenues Miss Estimates, Bookings Up Y/Y",2019-01-09 00:00:00,ENS
"The Zacks Analyst Blog Highlights: DXP Enterprises, EnerSys, Zebra Technologies, ExOne and Twin Disc",2019-01-09 00:00:00,ENS
"Donaldson (DCI) Displays Bright Prospects, Risks Persist",2019-01-08 00:00:00,ENS
US Manufacturing Sector Likely to Improve in 2019: 5 Picks,2019-01-08 00:00:00,ENS
"New Research: Key Drivers of Growth for MDU Resources Group, Enersys, Sally Beauty, Par ...",2019-01-08 00:00:00,ENS
Crown Holdings' Results to be Hurt by Impact of Hurricanes,2019-01-07 00:00:00,ENS
Near-Term Manufacturing Electronics Outlook Remains Bleak,2019-01-04 00:00:00,ENS
"Focus on Investments to Aid Grainger (GWW), Expenses Rise",2019-01-04 00:00:00,ENS
ENS or EMR: Which Is the Better Value Stock Right Now?,2019-01-03 00:00:00,ENS
Lower Volumes & Tariffs to Hit Apogee's (APOG) Performance,2019-01-03 00:00:00,ENS
Here's Why You Should Hold Deere Stock in Your Portfolio,2019-01-03 00:00:00,ENS
Here's Why You Should Consider Buying EnerSys (ENS) Stock Now,2018-12-28 00:00:00,ENS
Enersys Sees Hammer Chart Pattern: Time to Buy?,2018-12-28 00:00:00,ENS
4 Industrial Stocks Set for a Strong Finish in 2018,2018-12-27 00:00:00,ENS
Enersys Earns Relative Strength Rating Upgrade; Hits Key Threshold,2018-12-24 00:00:00,ENS
"Cintas (CTAS) Tops Q2 Earnings Estimates, Raises FY19 View",2018-12-21 00:00:00,ENS
5 Industrial Products Stocks That Survived 2018 Sector Crash,2018-12-21 00:00:00,ENS
5 Industrial Stocks to Continue Their Winning Streaks in 2019,2018-12-20 00:00:00,ENS
ABB Battles Inflation Woes With Restructuring Initiatives,2018-12-18 00:00:00,ENS
Stocks Showing Improving Market Leadership: Enersys Earns 85 RS Rating,2018-12-13 00:00:00,ENS
Tetra Tech Secures Forest Management Deal From USAID in Peru,2018-12-13 00:00:00,ENS
"Sonoco Poised to Grow on Acquisitions, Products, Cost Control",2018-12-13 00:00:00,ENS
Emerson's iSolutions Buyout to Fortify Consultancy Business,2018-12-12 00:00:00,ENS
EnerSys' Alpha Group Buyout to Strengthen Earnings Prospects,2018-12-11 00:00:00,ENS
Pentair Rides on Strong Momentum in Segments & New Products,2018-12-11 00:00:00,ENS
Is EnerSys (ENS) a Great Value Stock Right Now?,2018-12-11 00:00:00,ENS
"Higher Costs, Unfavorable Foreign Currency Ail Sealed Air",2018-12-11 00:00:00,ENS
Sonoco (SON) Raises 2018 Guidance on Insurance Recovery,2018-12-10 00:00:00,ENS
EnerSys completes acquisition Alpha Tech companies,2018-12-10 00:00:00,ENS
Why Is EnerSys (ENS) Down 8.7% Since Last Earnings Report?,2018-12-07 00:00:00,ENS
Here's Why You Should Hold Grainger (GWW) Stock Right Now,2018-12-07 00:00:00,ENS
Regal Beloit (RBC) to Sell Drives & Control Business by 1Q19,2018-12-06 00:00:00,ENS
Here's Why You Should Hold Sonoco Stock in Your Portfolio,2018-12-05 00:00:00,ENS
Focus on Cost Cuts & Investments Aids Pentair Amid Inflation,2018-12-03 00:00:00,ENS
Ball Corporation (BLL) Rises 31% YTD: What's Driving It?,2018-11-30 00:00:00,ENS
Here's Why You Should Hold Lincoln Electric Stock Right Now,2018-11-29 00:00:00,ENS
Deere to Gain on Upbeat Agricultural Market Amid Inflation,2018-11-29 00:00:00,ENS
"Century Aluminum to Expand Sebree Casthouse, Boost Production",2018-11-29 00:00:00,ENS
Grainger Rallies 10% Since Q3: Will the Momentum Continue?,2018-11-27 00:00:00,ENS
Reasons to Dump Astec (ASTE) Stock From Your Portfolio Now,2018-11-27 00:00:00,ENS
Here's Why You Should Hold Avery Dennison Stock Right Now,2018-11-26 00:00:00,ENS
AGCO Corp Rides on Strategic Investments Amid Inflation,2018-11-22 00:00:00,ENS
"TriMas Bets on Favorable Markets, New Products & Cost Control",2018-11-22 00:00:00,ENS
Here's Why You Should Hold Dover Stock in Your Portfolio,2018-11-21 00:00:00,ENS
Here's Why You Should Consider Buying Rexnord (RXN) Stock Now,2018-11-21 00:00:00,ENS
Can A. O. Smith (AOS) Maintain Momentum Amid Headwinds?,2018-11-21 00:00:00,ENS
"Manitowoc to Grow on Product Innovation, Input Costs Rise",2018-11-20 00:00:00,ENS
Ball Corporation Hits 52-Week High on Solid Q3 Performance,2018-11-19 00:00:00,ENS
Emerson Launches LED Luminaire for Hazardous Locations,2018-11-19 00:00:00,ENS
Dispensing Systems Buyout Aids Silgan Holdings Amid Inflation,2018-11-15 00:00:00,ENS
ENS or EMR: Which Is the Better Value Stock Right Now?,2018-11-14 00:00:00,ENS
EnerSys 2019 Q2 - Results - Earnings Call Slides,2018-11-08 00:00:00,ENS
EnerSys (ENS) Q2 2019 Results - Earnings Call Transcript,2018-11-08 00:00:00,ENS
"Terex (TEX) Lags Q3 Earnings & Revenue Estimates, Cuts View",2018-11-08 00:00:00,ENS
EnerSys (ENS) Tops Q2 Earnings Estimates,2018-11-08 00:00:00,ENS
EnerSys declares $0.175 dividend,2018-11-07 00:00:00,ENS
"EnerSys beats by $0.01, beats on revenue",2018-11-07 00:00:00,ENS
"Rockwell Automation (ROK) Q4 Earnings Beat Estimates, Up Y/Y",2018-11-07 00:00:00,ENS
Notable earnings after Wednesday's close,2018-11-06 00:00:00,ENS
Emerson's (EMR) Q4 Earnings and Revenues Miss Estimates,2018-11-06 00:00:00,ENS
"AptarGroup (ATR) Beats on Q3 Earnings & Revenues, Issues View",2018-11-06 00:00:00,ENS
AGCO Corp (AGCO) Beats Earnings & Revenue Estimates in Q3,2018-11-02 00:00:00,ENS
"Market Trends Toward New Normal in Enersys, Benchmark Electronics, Chegg, Century Communities, ...",2018-11-02 00:00:00,ENS
Cimpress (CMPR) Earnings & Revenues Miss Estimates in Q1,2018-11-01 00:00:00,ENS
"EnerSys (ENS) CEO David Shaffer Announces Agreement to Acquire Alpha Technologies Group, Inc. Broker Conference Call (Transcript)",2018-10-30 00:00:00,ENS
"Milacron (MCRN) Q3 Earnings Beat Estimates, Trims '18 View",2018-10-30 00:00:00,ENS
"EnerSys Announces Agreement to Acquire the Alpha Technologies Group of Companies, Creating the ...",2018-10-29 00:00:00,ENS
"EnerSys to buy Alpha Technologies companies for $750M in cash, stock",2018-10-29 00:00:00,ENS
Century Aluminum (CENX) Tops Q3 Earnings & Sales Estimates,2018-10-26 00:00:00,ENS
ENS vs. FELE: Which Stock Is the Better Value Option?,2018-10-26 00:00:00,ENS
Astec's (ASTE) Earnings & Revenues Miss Estimates in Q3,2018-10-24 00:00:00,ENS
"Pentair (PNR) Beats Q3 Earnings & Sales Estimates, Ups View",2018-10-23 00:00:00,ENS
Caterpillar (CAT) Q3 Earnings Top Estimates on Robust Demand,2018-10-23 00:00:00,ENS
Crown Holdings (CCK) Beats Q3 Earnings & Revenue Estimates,2018-10-23 00:00:00,ENS
"Dover (DOV) Beats Q3 Earnings Estimates, Narrows '18 View",2018-10-18 00:00:00,ENS
Here's Why You Should Hold on to Rexnord (RXN) Stock Now,2018-10-15 00:00:00,ENS
Kennametal (KMT) to Gain From Restructuring Amid Cost Woes,2018-10-11 00:00:00,ENS
EnerSys Announces Second Quarter Fiscal —…–9 Results Conference Call,2018-10-10 00:00:00,ENS
A. O. Smith's (AOS) Board Approves 22% Hike in Dividend Rate,2018-10-10 00:00:00,ENS
ETN vs. ENS: Which Stock Is the Better Value Option?,2018-10-02 00:00:00,ENS
EV trends in the spotlight,2018-09-13 00:00:00,ENS
EnerSys: The Shrinking Margins Should Start To Expand Again,2018-09-10 00:00:00,ENS
EnerSys (ENS) Up 7.1% Since Last Earnings Report: Can It Continue?,2018-09-07 00:00:00,ENS
Enersys Invests $6.4M to Boost Battery Manufacturing Sites,2018-08-24 00:00:00,ENS
EnerSys makes significant investment in Advanced Munitions Batteries Manufacturing Facilities,2018-08-24 00:00:00,ENS
Stocks With Rising Relative Strength: Enersys,2018-08-20 00:00:00,ENS
EnerSys 2019 Q1 - Results - Earnings Call Slides,2018-08-09 00:00:00,ENS
EnerSys (ENS) CEO David Shaffer on Q1 2019 Results - Earnings Call Transcript,2018-08-09 00:00:00,ENS
"EnerSys (ENS) Q1 Earnings Meet Estimates, Rise on Solid Sales",2018-08-09 00:00:00,ENS
EnerSys declares $0.175 dividend,2018-08-08 00:00:00,ENS
Notable earnings after Wednesday's close,2018-08-07 00:00:00,ENS
Stock Upgrades: Enersys Shows Rising Relative Strength,2018-08-01 00:00:00,ENS
Enersys Sees RS Rating Climb To 73,2018-07-19 00:00:00,ENS
EnerSys Announces First Quarter Fiscal —…–9 Results Conference Call,2018-07-18 00:00:00,ENS
"Enersys' (ENS) Long-Term Prospects Bright, Risks Remain",2018-07-09 00:00:00,ENS
Emerson's (EMR) Vilter Unit Announces New Suite of Products,2018-06-04 00:00:00,ENS
ENS vs. ABB: Which Stock Should Value Investors Buy Now?,2018-06-01 00:00:00,ENS
EnerSys Inc. (ENS) CEO David Shaffer on Q4 2018 Results - Earnings Call Transcript,2018-05-31 00:00:00,ENS
"EnerSys (ENS) Beats on Q4 Earnings & Revenues, View Upbeat",2018-05-31 00:00:00,ENS
EnerSys 2018 Q4 - Results - Earnings Call Slides,2018-05-31 00:00:00,ENS
Emerson (EMR) Announces New Wireless Pressure Gauge App,2018-05-30 00:00:00,ENS
"Enersys +8% after Q1 beat, upside earnings guidance",2018-05-17 00:00:00,ENS
EnerSys (ENS) Announces Preliminary Q4 and FY18 Results,2018-05-17 00:00:00,ENS
EnerSys declares $0.175 dividend,2018-05-16 00:00:00,ENS
"EnerSys beats by $0.01, beats on revenue",2018-05-16 00:00:00,ENS
"Bright Lights On Capitalist Woodstock, Tech Developers And Sports Betting",2018-05-05 00:00:00,ENS
EnerSys Announces Dates for Preliminary Fourth Quarter Fiscal —…–8 Results and Investor ...,2018-05-02 00:00:00,ENS
Companies To Benefit From The Stationary Energy Storage Boom,2018-04-30 00:00:00,ENS
Why Is Enersys (ENS) Up 5.8% Since Its Last Earnings Report?,2018-03-09 00:00:00,ENS
"Global X Management CO LLC Buys Albemarle Corp, NVIDIA Corp, Intuitive Surgical Inc, Sells ...",2018-02-08 00:00:00,ENS
EnerSys (ENS) Q3 2018 Results - Earnings Call Transcript,2018-02-08 00:00:00,ENS
EnerSys 2018 Q3 - Results - Earnings Call Slides,2018-02-08 00:00:00,ENS
EnerSys declares $0.175 dividend,2018-02-07 00:00:00,ENS
"EnerSys beats by $0.11, beats on revenue",2018-02-07 00:00:00,ENS
Notable earnings after Wednesday's close,2018-02-06 00:00:00,ENS
"Kempen Capital Management N.v. Buys Sun Life Financial Inc, Canadian Imperial Bank of Commerce, ...",2017-11-15 00:00:00,ENS
"EnerSys (ENS) Q2 Earnings Trump Estimates, Revenues Up Y/Y",2017-11-10 00:00:00,ENS
"EnerSys (ENS) Q1 Earnings Miss, Revenues Beat Estimates",2017-08-11 00:00:00,ENS
EnerSys Reports First Quarter Fiscal —…–8 Results,2017-08-09 00:00:00,ENS
Enersys (ENS) to Report Q1 Earnings: Is a Surprise in Store?,2017-08-08 00:00:00,ENS
EnerSys Struggles with Lead Price Volatility & Currency Woes,2017-07-10 00:00:00,ENS
"AZZ Misses Earnings & Revenue Estimates in Q1, Reaffirms View",2017-07-07 00:00:00,ENS
EnerSys Announces $6…M in New Global Space Business,2017-06-13 00:00:00,ENS
"Copper Rock Capital Partners, LLC Buys Green Dot, Dave & Buster's Entertainment, Halyard ...",2017-04-07 00:00:00,ENS
KBR Inc. (KBR) Secures Position in U.S. Air Force Contract,2017-03-10 00:00:00,ENS
"Zacks.com featured highlights: EnerSys, Broadcom, Pool, Allstate and Tallgrass Energy Partners",2017-03-08 00:00:00,ENS
5 Top Dividend Growth Stocks to Boost Your Returns,2017-03-07 00:00:00,ENS
EnerSys (ENS) Investor Presentation - Slideshow,2017-03-02 00:00:00,ENS
EnerSys' (ENS) CEO David Shaffer on Q3 2017 Results - Earnings Call Transcript,2017-02-09 00:00:00,ENS
EnerSys 2017 Q3 - Results - Earnings Call Slides,2017-02-09 00:00:00,ENS
EnerSys declares $0.175 dividend,2017-02-08 00:00:00,ENS
"EnerSys beats by $0.05, misses on revenue",2017-02-08 00:00:00,ENS
Notable earnings after Wednesday's close,2017-02-07 00:00:00,ENS
"Wcm Investment Management Buys Accenture PLC, Luxottica Group SpA, iShares MSCI EAFE, Sells ...",2017-02-01 00:00:00,ENS
Lindsay (LNN) Misses Earnings & Revenue Estimates in Q1,2016-12-22 00:00:00,ENS
"ACCO Brands Hits 52-Week High on Raised View, Acquisitions",2016-12-19 00:00:00,ENS
7 Stocks to Buy with Impressive Interest Coverage Ratio,2016-12-16 00:00:00,ENS
7 Incredible Dividend Growth Stocks to Buy Now,2016-12-15 00:00:00,ENS
7 Stocks Near 52-Week Highs to Buy Right Now,2016-12-14 00:00:00,ENS
Nordson (NDSN) Beats on Q4 Earnings & Revenues; Rise Y/Y,2016-12-14 00:00:00,ENS
4 Stocks In Machinery Sector Shape Attractive Charts,2016-12-05 00:00:00,ENS
EnerSys (ENS) Q2 2017 Results - Earnings Call Transcript,2016-11-10 00:00:00,ENS
EnerSys 2017 Q2 - Results - Earnings Call Slides,2016-11-10 00:00:00,ENS
"EnerSys beats by $0.07, misses on revenue",2016-11-09 00:00:00,ENS
EnerSys declares $0.175 dividend,2016-11-09 00:00:00,ENS
Notable earnings after Wednesday's close,2016-11-08 00:00:00,ENS
The World In 2020 And What Companies To Own,2016-09-16 00:00:00,ENS
Wabash National +2.6% on move to SmallCap 600,2016-08-23 00:00:00,ENS
Energy Storage - The Dams Of Our Energy Future,2016-08-15 00:00:00,ENS
EnerSys 2017 Q1 - Results - Earnings Call Slides,2016-08-11 00:00:00,ENS
EnerSys (ENS) David M. Shaffer on Q1 2017 Results - Earnings Call Transcript,2016-08-11 00:00:00,ENS
EnerSys (ENS) Increased on Q1 Earnings Weakness,2016-08-11 00:00:00,ENS
EnerSys declares $0.175 dividend,2016-08-10 00:00:00,ENS
"EnerSys beats by $0.04, beats on revenue",2016-08-10 00:00:00,ENS
Notable earnings after Wednesday's close,2016-08-09 00:00:00,ENS
YMBC High Yield Portfolio - Q2 2016 Review,2016-07-21 00:00:00,ENS
Plug Power Is A Speculative Stock At Best,2016-06-09 00:00:00,ENS
"EnerSys' (ENS) CEO, David Shaffer on Q4 2016 Results - Earnings Call Transcript",2016-06-01 00:00:00,ENS
"InsiderInsights.com Daily Round Up 5/26/16: PSX, SHAK, JGV",2016-05-27 00:00:00,ENS
"InsiderInsights.com Daily Round Up 5/11/16: Shake Shack, Performance Sports, Flex Pharma, Intrepid Potash",2016-05-12 00:00:00,ENS
"EnerSys beats by $0.03, beats on revenue",2016-05-05 00:00:00,ENS
The Writing on the Wall Bodes Well for Oakridge Global Energy Solutions,2016-04-20 00:00:00,ENS
"EnerSys - Acquisition Machine Looks Appealing, Despite Headwinds",2016-04-18 00:00:00,ENS
Valuation Dashboard: Industrials - Update,2016-03-08 00:00:00,ENS
Valuation Dashboard: Industrials - Update,2016-02-16 00:00:00,ENS
EnerSys' (ENS) CEO John Craig on Q3 2016 Results - Earnings Call Transcript,2016-01-29 00:00:00,ENS
EnerSys declares $0.175 dividend,2016-01-28 00:00:00,ENS
Notable earnings after Thursday's close,2016-01-27 00:00:00,ENS
Valuation Dashboard: Industrials - Update,2016-01-26 00:00:00,ENS
My Top Electrical Equipment Stocks For 2016,2016-01-07 00:00:00,ENS
It Looks Like Mr. Market Agreed With My Assessment Of EnerSys,2015-12-01 00:00:00,ENS
Enseco Energy Services Corp. Announces Repayment Demand and Appointment of Receiver,2015-10-13 00:00:00,ENS
M&A Daily: Big MO For AB-SAB Beer Deal,2015-10-07 00:00:00,ENS
Johnson Controls,2015-10-06 00:00:00,ENS
WSJ: Johnson Controls in talks to buy EnerSys,2015-10-06 00:00:00,ENS
Strength Seen in EnerSys (ENS): Stock Jumps 5.5%,2015-10-05 00:00:00,ENS
"4 Stocks Apple Could Buy for Its ""Flight of Fantasy"" Car",2015-09-22 00:00:00,ENS
"Enersys CEO Craig to retire next March, to be replaced by Shaffer",2015-09-22 00:00:00,ENS
James Barrow's Undervalued Stocks Trading With Low P/E,2015-09-14 00:00:00,ENS
EnerSys (ENS): Moving Average Crossover Alert,2015-08-31 00:00:00,ENS
"Enseco Energy Services Corp. Announces Results for the Three and Six Months Ended June 30, 2015",2015-08-24 00:00:00,ENS
EnerSys (ENS) John D. Craig on Q1 2016 Results - Earnings Call Transcript,2015-08-06 00:00:00,ENS
EnerSys declares $0.175 dividend,2015-08-05 00:00:00,ENS
"EnerSys misses by $0.03, misses on revenue",2015-08-05 00:00:00,ENS
"Rexnord's Q1 Earnings Beat, Down Y/Y; Outlook Slashed - Analyst Blog",2015-08-05 00:00:00,ENS
Notable earnings after Wednesday's close,2015-08-04 00:00:00,ENS
"Emerson Beats Earnings, Down Y/Y on Macro Issues - Analyst Blog",2015-08-04 00:00:00,ENS
"Regal Beloit Beats Q2 Earnings Estimates, Lowers Guidance - Analyst Blog",2015-08-04 00:00:00,ENS
"Eaton Tops Q2 Earnings, Trims Guidance on Weak Demand - Analyst Blog",2015-07-29 00:00:00,ENS
EnerSys A Good Stock Hold On Record Results,2015-06-02 00:00:00,ENS
EnerSys' (ENS) CEO John Craig on Q4 2015 Results - Earnings Call Transcript,2015-05-28 00:00:00,ENS
"EnerSys beats by $0.01, misses on revenue",2015-05-27 00:00:00,ENS
EnerSys declares $0.175 dividend,2015-05-07 00:00:00,ENS
My Top Electrical Equipment Stocks For 2015,2015-03-31 00:00:00,ENS
Meet the Chinese Gigafactory,2015-03-14 00:00:00,ENS
"Boeing: Lithium batteries present cargo risk, backs ban",2015-03-11 00:00:00,ENS
EnerSys (ENS) is Overbought: Is A Drop Coming? - Tale of the Tape,2015-02-26 00:00:00,ENS
"EnerSys beats by $0.03, misses on revenue",2015-02-04 00:00:00,ENS
Notable earnings after Wednesday's close,2015-02-03 00:00:00,ENS
EnerSys declares $0.17 dividend,2015-01-29 00:00:00,ENS
Major Commodities Slump Bodes Well For Battery-Maker EnerSys,2015-01-20 00:00:00,ENS
Is EnerSys A Good Buy?,2014-12-24 00:00:00,ENS
"EnerSys Tops Q2 Earnings, Up 22% Y/Y on Strong Orders - Analyst Blog",2014-11-06 00:00:00,ENS
"Company News for August 08, 2014 - Corporate Summary",2014-08-08 00:00:00,ENS
"EnerSys' Q1 Earnings and Revenues Miss Estimates, Up Y/Y - Analyst Blog",2014-08-07 00:00:00,ENS
Is EnerSys (ENS) Q1 Earnings Likely to Surprise This Season? - Analyst Blog,2014-08-05 00:00:00,ENS
ABB Downgraded to Strong Sell on Disappointing Q2 Earnings - Analyst Blog,2014-07-28 00:00:00,ENS
"ABB Q2 Earnings Miss, Shares Gain on Robust Order Growth - Analyst Blog",2014-07-25 00:00:00,ENS
"AO Smith (AOS) Q2 Earnings Beat, Growth in China, Shares Up - Analyst Blog",2014-07-23 00:00:00,ENS
Phillips (PHG) Reports Dismal Q2 Earnings on Weak Operations - Analyst Blog,2014-07-21 00:00:00,ENS
Should You Get Rid of Capstone Turbine (CPST) Now? - Tale of the Tape,2014-07-17 00:00:00,ENS
Phillips Downgraded to Strong Sell - Analyst Blog,2014-07-16 00:00:00,ENS
Fluor Receives LNG Terminal Contract in the Netherlands - Analyst Blog,2014-07-16 00:00:00,ENS
Plug Power Inc. (PLUG) Soars: Stock Adds 16.1% in Session - Tale of the Tape,2014-07-16 00:00:00,ENS
ABB Wins $400M Maritime Contract from Emera Arm - Analyst Blog,2014-07-10 00:00:00,ENS
ABB Transformers to Power Saudi Arabia - Analyst Blog,2014-07-08 00:00:00,ENS
Foster Wheeler Arm Wins Contract from Owens Corning - Analyst Blog,2014-07-07 00:00:00,ENS
AGCO Upped to Strong Buy on Inorganic Growth - Analyst Blog,2014-07-02 00:00:00,ENS
"Pentair Poised for Growth in 2014, Headwinds Remain - Analyst Blog",2014-07-01 00:00:00,ENS
ABB to Vend Thomas & Betts' Steel Biz to Trinity Industries - Analyst Blog,2014-06-30 00:00:00,ENS
"AZZ Inc. Misses on Q1 Earnings, Share Up on Strong Revenues - Analyst Blog",2014-06-30 00:00:00,ENS
Foster Wheeler Arm Wins Power Equipment Deal in Saudi Arabia - Analyst Blog,2014-06-26 00:00:00,ENS
"Doble Awarded Contract by NGRID SA, ESCO to Gain - Analyst Blog",2014-06-25 00:00:00,ENS
"Eaton Settles Meritor Litigation, Hits 52-Week High - Analyst Blog",2014-06-24 00:00:00,ENS
Foster Wheeler Wins EPCm Deal from BOC - Analyst Blog,2014-06-24 00:00:00,ENS
Willdan Group Hits 52-week High - Analyst Blog,2014-06-24 00:00:00,ENS
Gorman-Rupp Co. (GRC) Jumps: Stock Adds 9.11% in Session - Tale of the Tape,2014-06-23 00:00:00,ENS
"KBR, Inc. (KBR) Crumbles: Stock Falls 7.1% in Session - Tale of the Tape",2014-06-20 00:00:00,ENS
Foster Wheeler Arm Wins Retrofit-SCR System Deal in Finland - Analyst Blog,2014-06-18 00:00:00,ENS
Emerson-Sy Tech's XLReporter Improves Alarm Management - Analyst Blog,2014-06-17 00:00:00,ENS
Capstone Turbine Downgraded to Strong Sell - Analyst Blog,2014-06-16 00:00:00,ENS
"ABB Commissions Gearless Mill Drivers, Shares Fall - Analyst Blog",2014-06-16 00:00:00,ENS
What Makes Real Goods Solar (RGSE) a Strong Sell? - Tale of the Tape,2014-06-13 00:00:00,ENS
Franklin Electric Expands in Brazil with Bombas Leao S.A. Buy - Analyst Blog,2014-06-10 00:00:00,ENS
EnerSys Upgraded to Strong Buy - Analyst Blog,2014-06-10 00:00:00,ENS
Rexnord (RXN) Falls: Stock Goes Down 4% - Tale of the Tape,2014-05-29 00:00:00,ENS
ENERSYS,2014-05-28 00:00:00,ENS
Coverage Initiated on Watts Water - Analyst Blog,2014-05-27 00:00:00,ENS
AGCO to Acquire Intersystems - Analyst Blog,2014-05-27 00:00:00,ENS
What Falling Estimates & Price Mean for Plug Power (PLUG) - Tale of the Tape,2014-05-23 00:00:00,ENS
Rexnord FY14 Earnings Beat Ests; Guides Higher - Analyst Blog,2014-05-22 00:00:00,ENS
Pentair Raises Dividend by 25% - Analyst Blog,2014-05-21 00:00:00,ENS
Emerson Buys Management Resources Group - Analyst Blog,2014-05-21 00:00:00,ENS
AGCO to Redeem Senior Notes - Analyst Blog,2014-05-20 00:00:00,ENS
ABB Wins $20M Contract for Offshore Vessels - Analyst Blog,2014-05-20 00:00:00,ENS
Emerson Unveils ComfortGuard Monitoring Service - Analyst Blog,2014-05-15 00:00:00,ENS
ABB Wins Propulsion Contract in Finland - Analyst Blog,2014-05-14 00:00:00,ENS
"URS Corp. Earnings Miss Ests, Retains View - Analyst Blog",2014-05-14 00:00:00,ENS
Falling Earnings Estimates Signal Weakness Ahead for ABB Ltd. (ABB) - Tale of the Tape,2014-05-09 00:00:00,ENS
AZZ Inc. Misses on Q4 Earnings - Analyst Blog,2014-04-07 00:00:00,ENS
ABB and Philips Join Forces - Analyst Blog,2014-04-01 00:00:00,ENS
Cavendish Fluor Gets Decommissioning Contract - Analyst Blog,2014-04-01 00:00:00,ENS
"ABB to Power Rome, Shares Up - Analyst Blog",2014-03-31 00:00:00,ENS
Updated Research Report on Quanta Services - Analyst Blog,2014-03-31 00:00:00,ENS
ABB to Divest Thomas & Betts' HVAC Biz - Analyst Blog,2014-03-24 00:00:00,ENS
ABB to Power Western Saudi Arabia - Analyst Blog,2014-03-20 00:00:00,ENS
Another Swedish Contract for ABB - Analyst Blog,2014-03-19 00:00:00,ENS
Updated Research Report on Emerson - Analyst Blog,2014-03-19 00:00:00,ENS
ABB and Consortium Win UK Rail Project - Analyst Blog,2014-03-18 00:00:00,ENS
Updated Research Report on Emerson - Analyst Blog,2014-03-14 00:00:00,ENS
ABB Receives Indian Order - Analyst Blog,2014-03-12 00:00:00,ENS
Stock to Avoid: II-VI Inc. - Analyst Blog,2014-03-12 00:00:00,ENS
FuelCell Obtains $2.8M from DoE - Analyst Blog,2014-03-10 00:00:00,ENS
ABB to Invest in Persimmon Motors - Analyst Blog,2014-03-06 00:00:00,ENS
Weak FY13 Earnings for URS Corp - Analyst Blog,2014-03-05 00:00:00,ENS
Quanta Services Hits 52-Week High - Analyst Blog,2014-03-04 00:00:00,ENS
Eaton Raises Dividend Rate - Analyst Blog,2014-02-28 00:00:00,ENS
Beyond Tesla: 2 Lithium Stocks to Buy Now - Analyst Blog,2014-02-28 00:00:00,ENS
ABB Strengthens Presence in Brazil - Analyst Blog,2014-02-27 00:00:00,ENS
Wll ABB Continue Gaining Strength? - Analyst Blog,2014-02-25 00:00:00,ENS
Rexnord Hits a New 52-Week High - Analyst Blog,2014-02-25 00:00:00,ENS
Pentair Attains 52-Week High - Analyst Blog,2014-02-24 00:00:00,ENS
"Surging Rank, Surging Stock; Why The Manitowoc (MTW) is a Winner - Tale of the Tape",2014-02-21 00:00:00,ENS
ABB Posts Weak Q4 Earnings; Revs Increase - Analyst Blog,2014-02-14 00:00:00,ENS
Can Generac Holdings (GNRC) Keep the Earnings Streak Alive? - Analyst Blog,2014-02-11 00:00:00,ENS
Regal Beloit Beats on Q4 Earnings - Analyst Blog,2014-02-11 00:00:00,ENS
AZZ Misses on Q3 Earnings & Revs - Analyst Blog,2014-01-09 00:00:00,ENS
Emerson Electric Reiterated at Neutral - Analyst Blog,2014-01-06 00:00:00,ENS
Rexnord Downgraded to Neutral - Analyst Blog,2014-01-06 00:00:00,ENS
AECOM Initiated at Underperform - Analyst Blog,2014-01-03 00:00:00,ENS
Alamo Group (ALG) Jumps: Stock Rises 7.5% - Tale of the Tape,2014-01-02 00:00:00,ENS
KBR Wins Shah Deniz 2 Contract - Analyst Blog,2013-12-31 00:00:00,ENS
Fluor Wins $410M Deal in Kuwait - Analyst Blog,2013-12-31 00:00:00,ENS
Hudson Technologies (HDSN) Jumps: Stock Rises 8% - Tale of the Tape,2013-12-31 00:00:00,ENS
ABB to Power Poland - Analyst Blog,2013-12-30 00:00:00,ENS
Rexnord Reaches 52-Week High - Analyst Blog,2013-12-27 00:00:00,ENS
ABB Hits 52-Week High - Analyst Blog,2013-12-24 00:00:00,ENS
Arotech Corporation (ARTX) Jumps: Stock Rises 9.3% - Tale of the Tape,2013-12-24 00:00:00,ENS
Emerson Electric Hits 52-Week High - Analyst Blog,2013-12-23 00:00:00,ENS
Pentair Hits 52-Week High on Upbeat Guidance - Analyst Blog,2013-12-18 00:00:00,ENS
Rexnord Acquires Precision Gear Holdings - Analyst Blog,2013-12-17 00:00:00,ENS
US DOE Funds for Fluor's NuScale - Analyst Blog,2013-12-13 00:00:00,ENS
Quanta's Subsidiary Sells Howard Stake - Analyst Blog,2013-12-10 00:00:00,ENS
Hudson Technologies (HDSN) Zooms: Stock Up 40.8% - Tale of the Tape,2013-12-10 00:00:00,ENS
Rexnord Remains at Outperform - Analyst Blog,2013-12-06 00:00:00,ENS
Republic Services Downgraded to Neutral - Analyst Blog,2013-12-03 00:00:00,ENS
Foster Wheeler Stays Neutral - Analyst Blog,2013-11-29 00:00:00,ENS
AO Smith at New 52-Week High - Analyst Blog,2013-11-27 00:00:00,ENS
URS Corp Remains at Neutral - Analyst Blog,2013-11-25 00:00:00,ENS
ABB Gets $33M Service Deal from QGC - Analyst Blog,2013-11-20 00:00:00,ENS
Regal Beloit Closes Cemp Acquisition - Analyst Blog,2013-11-20 00:00:00,ENS
"Fuel-Tech, Inc. (FTEK) Worth a Look: Stock Rises 5.5% - Tale of the Tape",2013-11-19 00:00:00,ENS
Republic Services Beats on Q3 Adjusted Earnings - Analyst Blog,2013-11-01 00:00:00,ENS
Regal Beloit Beats on Earnings - Analyst Blog,2013-10-29 00:00:00,ENS
ABB Q3 Earnings Miss by a Penny - Analyst Blog,2013-10-25 00:00:00,ENS
Rexnord Q2 FY14 Earnings Surpasses Est - Analyst Blog,2013-10-24 00:00:00,ENS
Pentair Beats Q3 Earnings by a Penny - Analyst Blog,2013-10-22 00:00:00,ENS
3 Top Industrial Dividend Stocks With Low Debt And Dividend Payouts To Boost Future Returns,2013-10-12 00:00:00,ENS
Coverage Initiated on Rexnord - Analyst Blog,2013-10-11 00:00:00,ENS
Eaton & Lennar Strengthen Ties - Analyst Blog,2013-10-08 00:00:00,ENS
Nike Attains New 52-Week High - Analyst Blog,2013-09-30 00:00:00,ENS
Generac Reaches a New 52-Week High - Analyst Blog,2013-07-16 00:00:00,ENS
Can Tesla Power These Energy Plays - Investment Ideas,2013-06-03 00:00:00,ENS
"Generac Beats Earnings, Guides Higher - Analyst Blog",2013-05-03 00:00:00,ENS
Enersys,2013-03-14 00:00:00,ENS
Generator Maker Generac's Q4 Surge Zapped By Outlook,2013-02-14 00:00:00,ENS
"EnerSys, Inc. (ENS) Chairman, President & CEO John D Craig sells 125,000 Shares",2013-01-22 00:00:00,ENS
Is Boeing's Li-ion Battery Another Problem for Battery Stocks?,2013-01-11 00:00:00,ENS
EnerSys Reports Operating Results (10-Q),2012-11-05 00:00:00,ENS
"After A123, Battery Makers Take Stock",2012-10-25 00:00:00,ENS
High Above Average Volume on EnerSys,2012-09-25 00:00:00,ENS
High Above Average Volume on EnerSys,2012-09-17 00:00:00,ENS
"EnerSys (ENS) Chairman, President & CEO John D Craig sells 64,932 Shares",2012-08-30 00:00:00,ENS
EnerSys High Volume Day?,2012-08-28 00:00:00,ENS
"AONE, XIDE, ENS: Should You Gamble on Beaten Down Battery Stocks",2012-08-28 00:00:00,ENS
"EnerSys (ENS) Chairman, President & CEO John D Craig sells 21,577 Shares",2012-08-24 00:00:00,ENS
"EnerSys (ENS) Chairman, President & CEO John D Craig sells 144,399 Shares",2012-08-21 00:00:00,ENS
Trade Alert - EnerSys High Volume,2012-08-20 00:00:00,ENS
"EnerSys (ENS) Chairman, President & CEO John D Craig sells 3,955 Shares",2012-08-16 00:00:00,ENS
"EnerSys (ENS) Sr. VP Finance & CFO Michael J Schmidtlein sells 7,360 Shares",2012-08-13 00:00:00,ENS
EnerSys - 52 Week High,2012-08-09 00:00:00,ENS
TradersHuddle Scanner - High Volume For EnerSys,2012-07-30 00:00:00,ENS
More Upside for EnerSys ?,2012-07-19 00:00:00,ENS
"AONE, VLNC, ENS: Is A123 the Next Bankruptcy Candidate?",2012-07-10 00:00:00,ENS
EnerSys - Value,2012-06-26 00:00:00,ENS
EnerSys Inc. - Value,2012-06-12 00:00:00,ENS
Enersys,2012-05-29 00:00:00,ENS
EnerSys Reports Operating Results (10-K),2012-05-25 00:00:00,ENS
EnerSys - Shares Seeking Direction,2012-04-23 00:00:00,ENS
3 Promising Stocks You May Not Know,2012-03-15 00:00:00,ENS
"Zacks Releases Four Powerful ''Buy'' Stocks: Dell, Qualcomm, Prestige Brands and EnerSys - Press Releases",2012-02-16 00:00:00,ENS
EnerSys Inc. - Value,2012-02-15 00:00:00,ENS
EnerSys Reports Operating Results (10-Q),2012-02-08 00:00:00,ENS
"Weekly Guru Bargains Highlights: YPF, SAI, TEX, SCHW, ENS",2011-11-06 00:00:00,ENS
"Cisco, Gilead: After-Hours Trading",2011-08-10 00:00:00,ENS
8 Industrial Equipment Stocks to Watch,2011-04-26 00:00:00,ENS
